sample,fastq_1,fastq_2,sample_name,species
H3MKMDSXF_1_8bp-UDP0169,/scratch_isilon/groups/compgen/data_transfer/CGLZOO_12/20250411/FASTQ/H3MKMDSXF_1_8bp-UDP0169_1.fastq.gz,/scratch_isilon/groups/compgen/data_transfer/CGLZOO_12/20250411/FASTQ/H3MKMDSXF_1_8bp-UDP0169_2.fastq.gz,ABA20152,Saguinus midas
H3MKMDSXF_1_8bp-UDP0170,/scratch_isilon/groups/compgen/data_transfer/CGLZOO_12/20250411/FASTQ/H3MKMDSXF_1_8bp-UDP0170_1.fastq.gz,/scratch_isilon/groups/compgen/data_transfer/CGLZOO_12/20250411/FASTQ/H3MKMDSXF_1_8bp-UDP0170_2.fastq.gz,ABA20157,Sapajus apella
H3MKMDSXF_1_8bp-UDP0181,/scratch_isilon/groups/compgen/data_transfer/CGLZOO_12/20250411/FASTQ/H3MKMDSXF_1_8bp-UDP0181_1.fastq.gz,/scratch_isilon/groups/compgen/data_transfer/CGLZOO_12/20250411/FASTQ/H3MKMDSXF_1_8bp-UDP0181_2.fastq.gz,ABA23439,Lemur catta
H3MKMDSXF_1_8bp-UDP0184,/scratch_isilon/groups/compgen/data_transfer/CGLZOO_12/20250411/FASTQ/H3MKMDSXF_1_8bp-UDP0184_1.fastq.gz,/scratch_isilon/groups/compgen/data_transfer/CGLZOO_12/20250411/FASTQ/H3MKMDSXF_1_8bp-UDP0184_2.fastq.gz,ABA23461,Nanger dama
H3MKMDSXF_1_8bp-UDP0185,/scratch_isilon/groups/compgen/data_transfer/CGLZOO_12/20250411/FASTQ/H3MKMDSXF_1_8bp-UDP0185_1.fastq.gz,/scratch_isilon/groups/compgen/data_transfer/CGLZOO_12/20250411/FASTQ/H3MKMDSXF_1_8bp-UDP0185_2.fastq.gz,ABA23468,Equus caballus
H3MKMDSXF_1_8bp-UDP0186,/scratch_isilon/groups/compgen/data_transfer/CGLZOO_12/20250411/FASTQ/H3MKMDSXF_1_8bp-UDP0186_1.fastq.gz,/scratch_isilon/groups/compgen/data_transfer/CGLZOO_12/20250411/FASTQ/H3MKMDSXF_1_8bp-UDP0186_2.fastq.gz,ABA23474,Dolichotis patagonum
H3MKMDSXF_1_8bp-UDP0187,/scratch_isilon/groups/compgen/data_transfer/CGLZOO_12/20250411/FASTQ/H3MKMDSXF_1_8bp-UDP0187_1.fastq.gz,/scratch_isilon/groups/compgen/data_transfer/CGLZOO_12/20250411/FASTQ/H3MKMDSXF_1_8bp-UDP0187_2.fastq.gz,ABA23482,Capra pyrenaica
H3MKMDSXF_1_8bp-UDP0188,/scratch_isilon/groups/compgen/data_transfer/CGLZOO_12/20250411/FASTQ/H3MKMDSXF_1_8bp-UDP0188_1.fastq.gz,/scratch_isilon/groups/compgen/data_transfer/CGLZOO_12/20250411/FASTQ/H3MKMDSXF_1_8bp-UDP0188_2.fastq.gz,ABA23484,Connochaetes taurinus
H3MKMDSXF_1_8bp-UDP0189,/scratch_isilon/groups/compgen/data_transfer/CGLZOO_12/20250411/FASTQ/H3MKMDSXF_1_8bp-UDP0189_1.fastq.gz,/scratch_isilon/groups/compgen/data_transfer/CGLZOO_12/20250411/FASTQ/H3MKMDSXF_1_8bp-UDP0189_2.fastq.gz,ABA23487,Elaphurus davidianus
H3MKMDSXF_1_8bp-UDP0190,/scratch_isilon/groups/compgen/data_transfer/CGLZOO_12/20250411/FASTQ/H3MKMDSXF_1_8bp-UDP0190_1.fastq.gz,/scratch_isilon/groups/compgen/data_transfer/CGLZOO_12/20250411/FASTQ/H3MKMDSXF_1_8bp-UDP0190_2.fastq.gz,ABA23492,Lemur catta
H3MKMDSXF_1_8bp-UDP0191,/scratch_isilon/groups/compgen/data_transfer/CGLZOO_12/20250411/FASTQ/H3MKMDSXF_1_8bp-UDP0191_1.fastq.gz,/scratch_isilon/groups/compgen/data_transfer/CGLZOO_12/20250411/FASTQ/H3MKMDSXF_1_8bp-UDP0191_2.fastq.gz,ABA23495,Axis axis
H3MKMDSXF_1_8bp-UDP0192,/scratch_isilon/groups/compgen/data_transfer/CGLZOO_12/20250411/FASTQ/H3MKMDSXF_1_8bp-UDP0192_1.fastq.gz,/scratch_isilon/groups/compgen/data_transfer/CGLZOO_12/20250411/FASTQ/H3MKMDSXF_1_8bp-UDP0192_2.fastq.gz,ABA23503,Leontopithecus chrysomelas
H3MKMDSXF_1_8bp-UDP0227V3,/scratch_isilon/groups/compgen/data_transfer/CGLZOO_12/20250411/FASTQ/H3MKMDSXF_1_8bp-UDP0227V3_1.fastq.gz,/scratch_isilon/groups/compgen/data_transfer/CGLZOO_12/20250411/FASTQ/H3MKMDSXF_1_8bp-UDP0227V3_2.fastq.gz,ABA23475,Procavia capensis
H3MKMDSXF_1_8bp-UDP0228,/scratch_isilon/groups/compgen/data_transfer/CGLZOO_12/20250411/FASTQ/H3MKMDSXF_1_8bp-UDP0228_1.fastq.gz,/scratch_isilon/groups/compgen/data_transfer/CGLZOO_12/20250411/FASTQ/H3MKMDSXF_1_8bp-UDP0228_2.fastq.gz,ABA23477,Dolichotis patagonum
H3MKMDSXF_1_8bp-UDP0229,/scratch_isilon/groups/compgen/data_transfer/CGLZOO_12/20250411/FASTQ/H3MKMDSXF_1_8bp-UDP0229_1.fastq.gz,/scratch_isilon/groups/compgen/data_transfer/CGLZOO_12/20250411/FASTQ/H3MKMDSXF_1_8bp-UDP0229_2.fastq.gz,ABA23486,Oryx gazella
H3MKMDSXF_1_8bp-UDP0230,/scratch_isilon/groups/compgen/data_transfer/CGLZOO_12/20250411/FASTQ/H3MKMDSXF_1_8bp-UDP0230_1.fastq.gz,/scratch_isilon/groups/compgen/data_transfer/CGLZOO_12/20250411/FASTQ/H3MKMDSXF_1_8bp-UDP0230_2.fastq.gz,ABA23496,Capra hircus
H3MKMDSXF_1_8bp-UDP0231,/scratch_isilon/groups/compgen/data_transfer/CGLZOO_12/20250411/FASTQ/H3MKMDSXF_1_8bp-UDP0231_1.fastq.gz,/scratch_isilon/groups/compgen/data_transfer/CGLZOO_12/20250411/FASTQ/H3MKMDSXF_1_8bp-UDP0231_2.fastq.gz,ABA23497,Ovis aries
H3MKMDSXF_1_8bp-UDP0232,/scratch_isilon/groups/compgen/data_transfer/CGLZOO_12/20250411/FASTQ/H3MKMDSXF_1_8bp-UDP0232_1.fastq.gz,/scratch_isilon/groups/compgen/data_transfer/CGLZOO_12/20250411/FASTQ/H3MKMDSXF_1_8bp-UDP0232_2.fastq.gz,ABA23504,Rangifer tarandus
H3MKMDSXF_2_8bp-UDP0169,/scratch_isilon/groups/compgen/data_transfer/CGLZOO_12/20250411/FASTQ/H3MKMDSXF_2_8bp-UDP0169_1.fastq.gz,/scratch_isilon/groups/compgen/data_transfer/CGLZOO_12/20250411/FASTQ/H3MKMDSXF_2_8bp-UDP0169_2.fastq.gz,ABA20152,Saguinus midas
H3MKMDSXF_2_8bp-UDP0170,/scratch_isilon/groups/compgen/data_transfer/CGLZOO_12/20250411/FASTQ/H3MKMDSXF_2_8bp-UDP0170_1.fastq.gz,/scratch_isilon/groups/compgen/data_transfer/CGLZOO_12/20250411/FASTQ/H3MKMDSXF_2_8bp-UDP0170_2.fastq.gz,ABA20157,Sapajus apella
H3MKMDSXF_2_8bp-UDP0181,/scratch_isilon/groups/compgen/data_transfer/CGLZOO_12/20250411/FASTQ/H3MKMDSXF_2_8bp-UDP0181_1.fastq.gz,/scratch_isilon/groups/compgen/data_transfer/CGLZOO_12/20250411/FASTQ/H3MKMDSXF_2_8bp-UDP0181_2.fastq.gz,ABA23439,Lemur catta
H3MKMDSXF_2_8bp-UDP0184,/scratch_isilon/groups/compgen/data_transfer/CGLZOO_12/20250411/FASTQ/H3MKMDSXF_2_8bp-UDP0184_1.fastq.gz,/scratch_isilon/groups/compgen/data_transfer/CGLZOO_12/20250411/FASTQ/H3MKMDSXF_2_8bp-UDP0184_2.fastq.gz,ABA23461,Nanger dama
H3MKMDSXF_2_8bp-UDP0185,/scratch_isilon/groups/compgen/data_transfer/CGLZOO_12/20250411/FASTQ/H3MKMDSXF_2_8bp-UDP0185_1.fastq.gz,/scratch_isilon/groups/compgen/data_transfer/CGLZOO_12/20250411/FASTQ/H3MKMDSXF_2_8bp-UDP0185_2.fastq.gz,ABA23468,Equus caballus
H3MKMDSXF_2_8bp-UDP0186,/scratch_isilon/groups/compgen/data_transfer/CGLZOO_12/20250411/FASTQ/H3MKMDSXF_2_8bp-UDP0186_1.fastq.gz,/scratch_isilon/groups/compgen/data_transfer/CGLZOO_12/20250411/FASTQ/H3MKMDSXF_2_8bp-UDP0186_2.fastq.gz,ABA23474,Dolichotis patagonum
H3MKMDSXF_2_8bp-UDP0187,/scratch_isilon/groups/compgen/data_transfer/CGLZOO_12/20250411/FASTQ/H3MKMDSXF_2_8bp-UDP0187_1.fastq.gz,/scratch_isilon/groups/compgen/data_transfer/CGLZOO_12/20250411/FASTQ/H3MKMDSXF_2_8bp-UDP0187_2.fastq.gz,ABA23482,Capra pyrenaica
H3MKMDSXF_2_8bp-UDP0188,/scratch_isilon/groups/compgen/data_transfer/CGLZOO_12/20250411/FASTQ/H3MKMDSXF_2_8bp-UDP0188_1.fastq.gz,/scratch_isilon/groups/compgen/data_transfer/CGLZOO_12/20250411/FASTQ/H3MKMDSXF_2_8bp-UDP0188_2.fastq.gz,ABA23484,Connochaetes taurinus
H3MKMDSXF_2_8bp-UDP0189,/scratch_isilon/groups/compgen/data_transfer/CGLZOO_12/20250411/FASTQ/H3MKMDSXF_2_8bp-UDP0189_1.fastq.gz,/scratch_isilon/groups/compgen/data_transfer/CGLZOO_12/20250411/FASTQ/H3MKMDSXF_2_8bp-UDP0189_2.fastq.gz,ABA23487,Elaphurus davidianus
H3MKMDSXF_2_8bp-UDP0190,/scratch_isilon/groups/compgen/data_transfer/CGLZOO_12/20250411/FASTQ/H3MKMDSXF_2_8bp-UDP0190_1.fastq.gz,/scratch_isilon/groups/compgen/data_transfer/CGLZOO_12/20250411/FASTQ/H3MKMDSXF_2_8bp-UDP0190_2.fastq.gz,ABA23492,Lemur catta
H3MKMDSXF_2_8bp-UDP0191,/scratch_isilon/groups/compgen/data_transfer/CGLZOO_12/20250411/FASTQ/H3MKMDSXF_2_8bp-UDP0191_1.fastq.gz,/scratch_isilon/groups/compgen/data_transfer/CGLZOO_12/20250411/FASTQ/H3MKMDSXF_2_8bp-UDP0191_2.fastq.gz,ABA23495,Axis axis
H3MKMDSXF_2_8bp-UDP0192,/scratch_isilon/groups/compgen/data_transfer/CGLZOO_12/20250411/FASTQ/H3MKMDSXF_2_8bp-UDP0192_1.fastq.gz,/scratch_isilon/groups/compgen/data_transfer/CGLZOO_12/20250411/FASTQ/H3MKMDSXF_2_8bp-UDP0192_2.fastq.gz,ABA23503,Leontopithecus chrysomelas
H3MKMDSXF_2_8bp-UDP0227V3,/scratch_isilon/groups/compgen/data_transfer/CGLZOO_12/20250411/FASTQ/H3MKMDSXF_2_8bp-UDP0227V3_1.fastq.gz,/scratch_isilon/groups/compgen/data_transfer/CGLZOO_12/20250411/FASTQ/H3MKMDSXF_2_8bp-UDP0227V3_2.fastq.gz,ABA23475,Procavia capensis
H3MKMDSXF_2_8bp-UDP0228,/scratch_isilon/groups/compgen/data_transfer/CGLZOO_12/20250411/FASTQ/H3MKMDSXF_2_8bp-UDP0228_1.fastq.gz,/scratch_isilon/groups/compgen/data_transfer/CGLZOO_12/20250411/FASTQ/H3MKMDSXF_2_8bp-UDP0228_2.fastq.gz,ABA23477,Dolichotis patagonum
H3MKMDSXF_2_8bp-UDP0229,/scratch_isilon/groups/compgen/data_transfer/CGLZOO_12/20250411/FASTQ/H3MKMDSXF_2_8bp-UDP0229_1.fastq.gz,/scratch_isilon/groups/compgen/data_transfer/CGLZOO_12/20250411/FASTQ/H3MKMDSXF_2_8bp-UDP0229_2.fastq.gz,ABA23486,Oryx gazella
H3MKMDSXF_2_8bp-UDP0230,/scratch_isilon/groups/compgen/data_transfer/CGLZOO_12/20250411/FASTQ/H3MKMDSXF_2_8bp-UDP0230_1.fastq.gz,/scratch_isilon/groups/compgen/data_transfer/CGLZOO_12/20250411/FASTQ/H3MKMDSXF_2_8bp-UDP0230_2.fastq.gz,ABA23496,Capra hircus
H3MKMDSXF_2_8bp-UDP0231,/scratch_isilon/groups/compgen/data_transfer/CGLZOO_12/20250411/FASTQ/H3MKMDSXF_2_8bp-UDP0231_1.fastq.gz,/scratch_isilon/groups/compgen/data_transfer/CGLZOO_12/20250411/FASTQ/H3MKMDSXF_2_8bp-UDP0231_2.fastq.gz,ABA23497,Ovis aries
H3MKMDSXF_2_8bp-UDP0232,/scratch_isilon/groups/compgen/data_transfer/CGLZOO_12/20250411/FASTQ/H3MKMDSXF_2_8bp-UDP0232_1.fastq.gz,/scratch_isilon/groups/compgen/data_transfer/CGLZOO_12/20250411/FASTQ/H3MKMDSXF_2_8bp-UDP0232_2.fastq.gz,ABA23504,Rangifer tarandus
H3MKMDSXF_3_8bp-UDP0169,/scratch_isilon/groups/compgen/data_transfer/CGLZOO_12/20250411/FASTQ/H3MKMDSXF_3_8bp-UDP0169_1.fastq.gz,/scratch_isilon/groups/compgen/data_transfer/CGLZOO_12/20250411/FASTQ/H3MKMDSXF_3_8bp-UDP0169_2.fastq.gz,ABA20152,Saguinus midas
H3MKMDSXF_3_8bp-UDP0170,/scratch_isilon/groups/compgen/data_transfer/CGLZOO_12/20250411/FASTQ/H3MKMDSXF_3_8bp-UDP0170_1.fastq.gz,/scratch_isilon/groups/compgen/data_transfer/CGLZOO_12/20250411/FASTQ/H3MKMDSXF_3_8bp-UDP0170_2.fastq.gz,ABA20157,Sapajus apella
H3MKMDSXF_3_8bp-UDP0181,/scratch_isilon/groups/compgen/data_transfer/CGLZOO_12/20250411/FASTQ/H3MKMDSXF_3_8bp-UDP0181_1.fastq.gz,/scratch_isilon/groups/compgen/data_transfer/CGLZOO_12/20250411/FASTQ/H3MKMDSXF_3_8bp-UDP0181_2.fastq.gz,ABA23439,Lemur catta
H3MKMDSXF_3_8bp-UDP0184,/scratch_isilon/groups/compgen/data_transfer/CGLZOO_12/20250411/FASTQ/H3MKMDSXF_3_8bp-UDP0184_1.fastq.gz,/scratch_isilon/groups/compgen/data_transfer/CGLZOO_12/20250411/FASTQ/H3MKMDSXF_3_8bp-UDP0184_2.fastq.gz,ABA23461,Nanger dama
H3MKMDSXF_3_8bp-UDP0185,/scratch_isilon/groups/compgen/data_transfer/CGLZOO_12/20250411/FASTQ/H3MKMDSXF_3_8bp-UDP0185_1.fastq.gz,/scratch_isilon/groups/compgen/data_transfer/CGLZOO_12/20250411/FASTQ/H3MKMDSXF_3_8bp-UDP0185_2.fastq.gz,ABA23468,Equus caballus
H3MKMDSXF_3_8bp-UDP0186,/scratch_isilon/groups/compgen/data_transfer/CGLZOO_12/20250411/FASTQ/H3MKMDSXF_3_8bp-UDP0186_1.fastq.gz,/scratch_isilon/groups/compgen/data_transfer/CGLZOO_12/20250411/FASTQ/H3MKMDSXF_3_8bp-UDP0186_2.fastq.gz,ABA23474,Dolichotis patagonum
H3MKMDSXF_3_8bp-UDP0187,/scratch_isilon/groups/compgen/data_transfer/CGLZOO_12/20250411/FASTQ/H3MKMDSXF_3_8bp-UDP0187_1.fastq.gz,/scratch_isilon/groups/compgen/data_transfer/CGLZOO_12/20250411/FASTQ/H3MKMDSXF_3_8bp-UDP0187_2.fastq.gz,ABA23482,Capra pyrenaica
H3MKMDSXF_3_8bp-UDP0188,/scratch_isilon/groups/compgen/data_transfer/CGLZOO_12/20250411/FASTQ/H3MKMDSXF_3_8bp-UDP0188_1.fastq.gz,/scratch_isilon/groups/compgen/data_transfer/CGLZOO_12/20250411/FASTQ/H3MKMDSXF_3_8bp-UDP0188_2.fastq.gz,ABA23484,Connochaetes taurinus
H3MKMDSXF_3_8bp-UDP0189,/scratch_isilon/groups/compgen/data_transfer/CGLZOO_12/20250411/FASTQ/H3MKMDSXF_3_8bp-UDP0189_1.fastq.gz,/scratch_isilon/groups/compgen/data_transfer/CGLZOO_12/20250411/FASTQ/H3MKMDSXF_3_8bp-UDP0189_2.fastq.gz,ABA23487,Elaphurus davidianus
H3MKMDSXF_3_8bp-UDP0190,/scratch_isilon/groups/compgen/data_transfer/CGLZOO_12/20250411/FASTQ/H3MKMDSXF_3_8bp-UDP0190_1.fastq.gz,/scratch_isilon/groups/compgen/data_transfer/CGLZOO_12/20250411/FASTQ/H3MKMDSXF_3_8bp-UDP0190_2.fastq.gz,ABA23492,Lemur catta
H3MKMDSXF_3_8bp-UDP0191,/scratch_isilon/groups/compgen/data_transfer/CGLZOO_12/20250411/FASTQ/H3MKMDSXF_3_8bp-UDP0191_1.fastq.gz,/scratch_isilon/groups/compgen/data_transfer/CGLZOO_12/20250411/FASTQ/H3MKMDSXF_3_8bp-UDP0191_2.fastq.gz,ABA23495,Axis axis
H3MKMDSXF_3_8bp-UDP0192,/scratch_isilon/groups/compgen/data_transfer/CGLZOO_12/20250411/FASTQ/H3MKMDSXF_3_8bp-UDP0192_1.fastq.gz,/scratch_isilon/groups/compgen/data_transfer/CGLZOO_12/20250411/FASTQ/H3MKMDSXF_3_8bp-UDP0192_2.fastq.gz,ABA23503,Leontopithecus chrysomelas
H3MKMDSXF_3_8bp-UDP0227V3,/scratch_isilon/groups/compgen/data_transfer/CGLZOO_12/20250411/FASTQ/H3MKMDSXF_3_8bp-UDP0227V3_1.fastq.gz,/scratch_isilon/groups/compgen/data_transfer/CGLZOO_12/20250411/FASTQ/H3MKMDSXF_3_8bp-UDP0227V3_2.fastq.gz,ABA23475,Procavia capensis
H3MKMDSXF_3_8bp-UDP0228,/scratch_isilon/groups/compgen/data_transfer/CGLZOO_12/20250411/FASTQ/H3MKMDSXF_3_8bp-UDP0228_1.fastq.gz,/scratch_isilon/groups/compgen/data_transfer/CGLZOO_12/20250411/FASTQ/H3MKMDSXF_3_8bp-UDP0228_2.fastq.gz,ABA23477,Dolichotis patagonum
H3MKMDSXF_3_8bp-UDP0229,/scratch_isilon/groups/compgen/data_transfer/CGLZOO_12/20250411/FASTQ/H3MKMDSXF_3_8bp-UDP0229_1.fastq.gz,/scratch_isilon/groups/compgen/data_transfer/CGLZOO_12/20250411/FASTQ/H3MKMDSXF_3_8bp-UDP0229_2.fastq.gz,ABA23486,Oryx gazella
H3MKMDSXF_3_8bp-UDP0230,/scratch_isilon/groups/compgen/data_transfer/CGLZOO_12/20250411/FASTQ/H3MKMDSXF_3_8bp-UDP0230_1.fastq.gz,/scratch_isilon/groups/compgen/data_transfer/CGLZOO_12/20250411/FASTQ/H3MKMDSXF_3_8bp-UDP0230_2.fastq.gz,ABA23496,Capra hircus
H3MKMDSXF_3_8bp-UDP0231,/scratch_isilon/groups/compgen/data_transfer/CGLZOO_12/20250411/FASTQ/H3MKMDSXF_3_8bp-UDP0231_1.fastq.gz,/scratch_isilon/groups/compgen/data_transfer/CGLZOO_12/20250411/FASTQ/H3MKMDSXF_3_8bp-UDP0231_2.fastq.gz,ABA23497,Ovis aries
H3MKMDSXF_3_8bp-UDP0232,/scratch_isilon/groups/compgen/data_transfer/CGLZOO_12/20250411/FASTQ/H3MKMDSXF_3_8bp-UDP0232_1.fastq.gz,/scratch_isilon/groups/compgen/data_transfer/CGLZOO_12/20250411/FASTQ/H3MKMDSXF_3_8bp-UDP0232_2.fastq.gz,ABA23504,Rangifer tarandus
H3MKMDSXF_4_8bp-UDP0169,/scratch_isilon/groups/compgen/data_transfer/CGLZOO_12/20250411/FASTQ/H3MKMDSXF_4_8bp-UDP0169_1.fastq.gz,/scratch_isilon/groups/compgen/data_transfer/CGLZOO_12/20250411/FASTQ/H3MKMDSXF_4_8bp-UDP0169_2.fastq.gz,ABA20152,Saguinus midas
H3MKMDSXF_4_8bp-UDP0170,/scratch_isilon/groups/compgen/data_transfer/CGLZOO_12/20250411/FASTQ/H3MKMDSXF_4_8bp-UDP0170_1.fastq.gz,/scratch_isilon/groups/compgen/data_transfer/CGLZOO_12/20250411/FASTQ/H3MKMDSXF_4_8bp-UDP0170_2.fastq.gz,ABA20157,Sapajus apella
H3MKMDSXF_4_8bp-UDP0181,/scratch_isilon/groups/compgen/data_transfer/CGLZOO_12/20250411/FASTQ/H3MKMDSXF_4_8bp-UDP0181_1.fastq.gz,/scratch_isilon/groups/compgen/data_transfer/CGLZOO_12/20250411/FASTQ/H3MKMDSXF_4_8bp-UDP0181_2.fastq.gz,ABA23439,Lemur catta
H3MKMDSXF_4_8bp-UDP0184,/scratch_isilon/groups/compgen/data_transfer/CGLZOO_12/20250411/FASTQ/H3MKMDSXF_4_8bp-UDP0184_1.fastq.gz,/scratch_isilon/groups/compgen/data_transfer/CGLZOO_12/20250411/FASTQ/H3MKMDSXF_4_8bp-UDP0184_2.fastq.gz,ABA23461,Nanger dama
H3MKMDSXF_4_8bp-UDP0185,/scratch_isilon/groups/compgen/data_transfer/CGLZOO_12/20250411/FASTQ/H3MKMDSXF_4_8bp-UDP0185_1.fastq.gz,/scratch_isilon/groups/compgen/data_transfer/CGLZOO_12/20250411/FASTQ/H3MKMDSXF_4_8bp-UDP0185_2.fastq.gz,ABA23468,Equus caballus
H3MKMDSXF_4_8bp-UDP0186,/scratch_isilon/groups/compgen/data_transfer/CGLZOO_12/20250411/FASTQ/H3MKMDSXF_4_8bp-UDP0186_1.fastq.gz,/scratch_isilon/groups/compgen/data_transfer/CGLZOO_12/20250411/FASTQ/H3MKMDSXF_4_8bp-UDP0186_2.fastq.gz,ABA23474,Dolichotis patagonum
H3MKMDSXF_4_8bp-UDP0187,/scratch_isilon/groups/compgen/data_transfer/CGLZOO_12/20250411/FASTQ/H3MKMDSXF_4_8bp-UDP0187_1.fastq.gz,/scratch_isilon/groups/compgen/data_transfer/CGLZOO_12/20250411/FASTQ/H3MKMDSXF_4_8bp-UDP0187_2.fastq.gz,ABA23482,Capra pyrenaica
H3MKMDSXF_4_8bp-UDP0188,/scratch_isilon/groups/compgen/data_transfer/CGLZOO_12/20250411/FASTQ/H3MKMDSXF_4_8bp-UDP0188_1.fastq.gz,/scratch_isilon/groups/compgen/data_transfer/CGLZOO_12/20250411/FASTQ/H3MKMDSXF_4_8bp-UDP0188_2.fastq.gz,ABA23484,Connochaetes taurinus
H3MKMDSXF_4_8bp-UDP0189,/scratch_isilon/groups/compgen/data_transfer/CGLZOO_12/20250411/FASTQ/H3MKMDSXF_4_8bp-UDP0189_1.fastq.gz,/scratch_isilon/groups/compgen/data_transfer/CGLZOO_12/20250411/FASTQ/H3MKMDSXF_4_8bp-UDP0189_2.fastq.gz,ABA23487,Elaphurus davidianus
H3MKMDSXF_4_8bp-UDP0190,/scratch_isilon/groups/compgen/data_transfer/CGLZOO_12/20250411/FASTQ/H3MKMDSXF_4_8bp-UDP0190_1.fastq.gz,/scratch_isilon/groups/compgen/data_transfer/CGLZOO_12/20250411/FASTQ/H3MKMDSXF_4_8bp-UDP0190_2.fastq.gz,ABA23492,Lemur catta
H3MKMDSXF_4_8bp-UDP0191,/scratch_isilon/groups/compgen/data_transfer/CGLZOO_12/20250411/FASTQ/H3MKMDSXF_4_8bp-UDP0191_1.fastq.gz,/scratch_isilon/groups/compgen/data_transfer/CGLZOO_12/20250411/FASTQ/H3MKMDSXF_4_8bp-UDP0191_2.fastq.gz,ABA23495,Axis axis
H3MKMDSXF_4_8bp-UDP0192,/scratch_isilon/groups/compgen/data_transfer/CGLZOO_12/20250411/FASTQ/H3MKMDSXF_4_8bp-UDP0192_1.fastq.gz,/scratch_isilon/groups/compgen/data_transfer/CGLZOO_12/20250411/FASTQ/H3MKMDSXF_4_8bp-UDP0192_2.fastq.gz,ABA23503,Leontopithecus chrysomelas
H3MKMDSXF_4_8bp-UDP0227V3,/scratch_isilon/groups/compgen/data_transfer/CGLZOO_12/20250411/FASTQ/H3MKMDSXF_4_8bp-UDP0227V3_1.fastq.gz,/scratch_isilon/groups/compgen/data_transfer/CGLZOO_12/20250411/FASTQ/H3MKMDSXF_4_8bp-UDP0227V3_2.fastq.gz,ABA23475,Procavia capensis
H3MKMDSXF_4_8bp-UDP0228,/scratch_isilon/groups/compgen/data_transfer/CGLZOO_12/20250411/FASTQ/H3MKMDSXF_4_8bp-UDP0228_1.fastq.gz,/scratch_isilon/groups/compgen/data_transfer/CGLZOO_12/20250411/FASTQ/H3MKMDSXF_4_8bp-UDP0228_2.fastq.gz,ABA23477,Dolichotis patagonum
H3MKMDSXF_4_8bp-UDP0229,/scratch_isilon/groups/compgen/data_transfer/CGLZOO_12/20250411/FASTQ/H3MKMDSXF_4_8bp-UDP0229_1.fastq.gz,/scratch_isilon/groups/compgen/data_transfer/CGLZOO_12/20250411/FASTQ/H3MKMDSXF_4_8bp-UDP0229_2.fastq.gz,ABA23486,Oryx gazella
H3MKMDSXF_4_8bp-UDP0230,/scratch_isilon/groups/compgen/data_transfer/CGLZOO_12/20250411/FASTQ/H3MKMDSXF_4_8bp-UDP0230_1.fastq.gz,/scratch_isilon/groups/compgen/data_transfer/CGLZOO_12/20250411/FASTQ/H3MKMDSXF_4_8bp-UDP0230_2.fastq.gz,ABA23496,Capra hircus
H3MKMDSXF_4_8bp-UDP0231,/scratch_isilon/groups/compgen/data_transfer/CGLZOO_12/20250411/FASTQ/H3MKMDSXF_4_8bp-UDP0231_1.fastq.gz,/scratch_isilon/groups/compgen/data_transfer/CGLZOO_12/20250411/FASTQ/H3MKMDSXF_4_8bp-UDP0231_2.fastq.gz,ABA23497,Ovis aries
H3MKMDSXF_4_8bp-UDP0232,/scratch_isilon/groups/compgen/data_transfer/CGLZOO_12/20250411/FASTQ/H3MKMDSXF_4_8bp-UDP0232_1.fastq.gz,/scratch_isilon/groups/compgen/data_transfer/CGLZOO_12/20250411/FASTQ/H3MKMDSXF_4_8bp-UDP0232_2.fastq.gz,ABA23504,Rangifer tarandus
H52HYDSXF_1_8bp-UDP0171,/scratch_isilon/groups/compgen/data_transfer/CGLZOO_12/20250411/FASTQ/H52HYDSXF_1_8bp-UDP0171_1.fastq.gz,/scratch_isilon/groups/compgen/data_transfer/CGLZOO_12/20250411/FASTQ/H52HYDSXF_1_8bp-UDP0171_2.fastq.gz,ABA20158,Gazella cuvieri
H52HYDSXF_1_8bp-UDP0172,/scratch_isilon/groups/compgen/data_transfer/CGLZOO_12/20250411/FASTQ/H52HYDSXF_1_8bp-UDP0172_1.fastq.gz,/scratch_isilon/groups/compgen/data_transfer/CGLZOO_12/20250411/FASTQ/H52HYDSXF_1_8bp-UDP0172_2.fastq.gz,ABA20162,Petrogale xanthopus
H52HYDSXF_1_8bp-UDP0173,/scratch_isilon/groups/compgen/data_transfer/CGLZOO_12/20250411/FASTQ/H52HYDSXF_1_8bp-UDP0173_1.fastq.gz,/scratch_isilon/groups/compgen/data_transfer/CGLZOO_12/20250411/FASTQ/H52HYDSXF_1_8bp-UDP0173_2.fastq.gz,ABA20163,Dama dama
H52HYDSXF_1_8bp-UDP0174,/scratch_isilon/groups/compgen/data_transfer/CGLZOO_12/20250411/FASTQ/H52HYDSXF_1_8bp-UDP0174_1.fastq.gz,/scratch_isilon/groups/compgen/data_transfer/CGLZOO_12/20250411/FASTQ/H52HYDSXF_1_8bp-UDP0174_2.fastq.gz,ABA23231,Oryx dammah
H52HYDSXF_1_8bp-UDP0175,/scratch_isilon/groups/compgen/data_transfer/CGLZOO_12/20250411/FASTQ/H52HYDSXF_1_8bp-UDP0175_1.fastq.gz,/scratch_isilon/groups/compgen/data_transfer/CGLZOO_12/20250411/FASTQ/H52HYDSXF_1_8bp-UDP0175_2.fastq.gz,ABA23413,Rangifer tarandus
H52HYDSXF_1_8bp-UDP0176,/scratch_isilon/groups/compgen/data_transfer/CGLZOO_12/20250411/FASTQ/H52HYDSXF_1_8bp-UDP0176_1.fastq.gz,/scratch_isilon/groups/compgen/data_transfer/CGLZOO_12/20250411/FASTQ/H52HYDSXF_1_8bp-UDP0176_2.fastq.gz,ABA23417,Nanger dama
H52HYDSXF_1_8bp-UDP0177,/scratch_isilon/groups/compgen/data_transfer/CGLZOO_12/20250411/FASTQ/H52HYDSXF_1_8bp-UDP0177_1.fastq.gz,/scratch_isilon/groups/compgen/data_transfer/CGLZOO_12/20250411/FASTQ/H52HYDSXF_1_8bp-UDP0177_2.fastq.gz,ABA23418,Cebuella pygmaea
H52HYDSXF_1_8bp-UDP0178,/scratch_isilon/groups/compgen/data_transfer/CGLZOO_12/20250411/FASTQ/H52HYDSXF_1_8bp-UDP0178_1.fastq.gz,/scratch_isilon/groups/compgen/data_transfer/CGLZOO_12/20250411/FASTQ/H52HYDSXF_1_8bp-UDP0178_2.fastq.gz,ABA23427,Miopithecus ogouensis
H52HYDSXF_1_8bp-UDP0179V3,/scratch_isilon/groups/compgen/data_transfer/CGLZOO_12/20250411/FASTQ/H52HYDSXF_1_8bp-UDP0179V3_1.fastq.gz,/scratch_isilon/groups/compgen/data_transfer/CGLZOO_12/20250411/FASTQ/H52HYDSXF_1_8bp-UDP0179V3_2.fastq.gz,ABA23429,Ovis aries
H52HYDSXF_1_8bp-UDP0180,/scratch_isilon/groups/compgen/data_transfer/CGLZOO_12/20250411/FASTQ/H52HYDSXF_1_8bp-UDP0180_1.fastq.gz,/scratch_isilon/groups/compgen/data_transfer/CGLZOO_12/20250411/FASTQ/H52HYDSXF_1_8bp-UDP0180_2.fastq.gz,ABA23436,Eliomys quercinus
H52HYDSXF_1_8bp-UDP0182,/scratch_isilon/groups/compgen/data_transfer/CGLZOO_12/20250411/FASTQ/H52HYDSXF_1_8bp-UDP0182_1.fastq.gz,/scratch_isilon/groups/compgen/data_transfer/CGLZOO_12/20250411/FASTQ/H52HYDSXF_1_8bp-UDP0182_2.fastq.gz,ABA23456,Capra hircus
H52HYDSXF_1_8bp-UDP0183,/scratch_isilon/groups/compgen/data_transfer/CGLZOO_12/20250411/FASTQ/H52HYDSXF_1_8bp-UDP0183_1.fastq.gz,/scratch_isilon/groups/compgen/data_transfer/CGLZOO_12/20250411/FASTQ/H52HYDSXF_1_8bp-UDP0183_2.fastq.gz,ABA23459,Beatragus hunteri
H52HYDSXF_2_8bp-UDP0171,/scratch_isilon/groups/compgen/data_transfer/CGLZOO_12/20250411/FASTQ/H52HYDSXF_2_8bp-UDP0171_1.fastq.gz,/scratch_isilon/groups/compgen/data_transfer/CGLZOO_12/20250411/FASTQ/H52HYDSXF_2_8bp-UDP0171_2.fastq.gz,ABA20158,Gazella cuvieri
H52HYDSXF_2_8bp-UDP0172,/scratch_isilon/groups/compgen/data_transfer/CGLZOO_12/20250411/FASTQ/H52HYDSXF_2_8bp-UDP0172_1.fastq.gz,/scratch_isilon/groups/compgen/data_transfer/CGLZOO_12/20250411/FASTQ/H52HYDSXF_2_8bp-UDP0172_2.fastq.gz,ABA20162,Petrogale xanthopus
H52HYDSXF_2_8bp-UDP0173,/scratch_isilon/groups/compgen/data_transfer/CGLZOO_12/20250411/FASTQ/H52HYDSXF_2_8bp-UDP0173_1.fastq.gz,/scratch_isilon/groups/compgen/data_transfer/CGLZOO_12/20250411/FASTQ/H52HYDSXF_2_8bp-UDP0173_2.fastq.gz,ABA20163,Dama dama
H52HYDSXF_2_8bp-UDP0174,/scratch_isilon/groups/compgen/data_transfer/CGLZOO_12/20250411/FASTQ/H52HYDSXF_2_8bp-UDP0174_1.fastq.gz,/scratch_isilon/groups/compgen/data_transfer/CGLZOO_12/20250411/FASTQ/H52HYDSXF_2_8bp-UDP0174_2.fastq.gz,ABA23231,Oryx dammah
H52HYDSXF_2_8bp-UDP0175,/scratch_isilon/groups/compgen/data_transfer/CGLZOO_12/20250411/FASTQ/H52HYDSXF_2_8bp-UDP0175_1.fastq.gz,/scratch_isilon/groups/compgen/data_transfer/CGLZOO_12/20250411/FASTQ/H52HYDSXF_2_8bp-UDP0175_2.fastq.gz,ABA23413,Rangifer tarandus
H52HYDSXF_2_8bp-UDP0176,/scratch_isilon/groups/compgen/data_transfer/CGLZOO_12/20250411/FASTQ/H52HYDSXF_2_8bp-UDP0176_1.fastq.gz,/scratch_isilon/groups/compgen/data_transfer/CGLZOO_12/20250411/FASTQ/H52HYDSXF_2_8bp-UDP0176_2.fastq.gz,ABA23417,Nanger dama
H52HYDSXF_2_8bp-UDP0177,/scratch_isilon/groups/compgen/data_transfer/CGLZOO_12/20250411/FASTQ/H52HYDSXF_2_8bp-UDP0177_1.fastq.gz,/scratch_isilon/groups/compgen/data_transfer/CGLZOO_12/20250411/FASTQ/H52HYDSXF_2_8bp-UDP0177_2.fastq.gz,ABA23418,Cebuella pygmaea
H52HYDSXF_2_8bp-UDP0178,/scratch_isilon/groups/compgen/data_transfer/CGLZOO_12/20250411/FASTQ/H52HYDSXF_2_8bp-UDP0178_1.fastq.gz,/scratch_isilon/groups/compgen/data_transfer/CGLZOO_12/20250411/FASTQ/H52HYDSXF_2_8bp-UDP0178_2.fastq.gz,ABA23427,Miopithecus ogouensis
H52HYDSXF_2_8bp-UDP0179V3,/scratch_isilon/groups/compgen/data_transfer/CGLZOO_12/20250411/FASTQ/H52HYDSXF_2_8bp-UDP0179V3_1.fastq.gz,/scratch_isilon/groups/compgen/data_transfer/CGLZOO_12/20250411/FASTQ/H52HYDSXF_2_8bp-UDP0179V3_2.fastq.gz,ABA23429,Ovis aries
H52HYDSXF_2_8bp-UDP0180,/scratch_isilon/groups/compgen/data_transfer/CGLZOO_12/20250411/FASTQ/H52HYDSXF_2_8bp-UDP0180_1.fastq.gz,/scratch_isilon/groups/compgen/data_transfer/CGLZOO_12/20250411/FASTQ/H52HYDSXF_2_8bp-UDP0180_2.fastq.gz,ABA23436,Eliomys quercinus
H52HYDSXF_2_8bp-UDP0182,/scratch_isilon/groups/compgen/data_transfer/CGLZOO_12/20250411/FASTQ/H52HYDSXF_2_8bp-UDP0182_1.fastq.gz,/scratch_isilon/groups/compgen/data_transfer/CGLZOO_12/20250411/FASTQ/H52HYDSXF_2_8bp-UDP0182_2.fastq.gz,ABA23456,Capra hircus
H52HYDSXF_2_8bp-UDP0183,/scratch_isilon/groups/compgen/data_transfer/CGLZOO_12/20250411/FASTQ/H52HYDSXF_2_8bp-UDP0183_1.fastq.gz,/scratch_isilon/groups/compgen/data_transfer/CGLZOO_12/20250411/FASTQ/H52HYDSXF_2_8bp-UDP0183_2.fastq.gz,ABA23459,Beatragus hunteri
H52HYDSXF_3_8bp-UDP0171,/scratch_isilon/groups/compgen/data_transfer/CGLZOO_12/20250411/FASTQ/H52HYDSXF_3_8bp-UDP0171_1.fastq.gz,/scratch_isilon/groups/compgen/data_transfer/CGLZOO_12/20250411/FASTQ/H52HYDSXF_3_8bp-UDP0171_2.fastq.gz,ABA20158,Gazella cuvieri
H52HYDSXF_3_8bp-UDP0172,/scratch_isilon/groups/compgen/data_transfer/CGLZOO_12/20250411/FASTQ/H52HYDSXF_3_8bp-UDP0172_1.fastq.gz,/scratch_isilon/groups/compgen/data_transfer/CGLZOO_12/20250411/FASTQ/H52HYDSXF_3_8bp-UDP0172_2.fastq.gz,ABA20162,Petrogale xanthopus
H52HYDSXF_3_8bp-UDP0173,/scratch_isilon/groups/compgen/data_transfer/CGLZOO_12/20250411/FASTQ/H52HYDSXF_3_8bp-UDP0173_1.fastq.gz,/scratch_isilon/groups/compgen/data_transfer/CGLZOO_12/20250411/FASTQ/H52HYDSXF_3_8bp-UDP0173_2.fastq.gz,ABA20163,Dama dama
H52HYDSXF_3_8bp-UDP0174,/scratch_isilon/groups/compgen/data_transfer/CGLZOO_12/20250411/FASTQ/H52HYDSXF_3_8bp-UDP0174_1.fastq.gz,/scratch_isilon/groups/compgen/data_transfer/CGLZOO_12/20250411/FASTQ/H52HYDSXF_3_8bp-UDP0174_2.fastq.gz,ABA23231,Oryx dammah
H52HYDSXF_3_8bp-UDP0175,/scratch_isilon/groups/compgen/data_transfer/CGLZOO_12/20250411/FASTQ/H52HYDSXF_3_8bp-UDP0175_1.fastq.gz,/scratch_isilon/groups/compgen/data_transfer/CGLZOO_12/20250411/FASTQ/H52HYDSXF_3_8bp-UDP0175_2.fastq.gz,ABA23413,Rangifer tarandus
H52HYDSXF_3_8bp-UDP0176,/scratch_isilon/groups/compgen/data_transfer/CGLZOO_12/20250411/FASTQ/H52HYDSXF_3_8bp-UDP0176_1.fastq.gz,/scratch_isilon/groups/compgen/data_transfer/CGLZOO_12/20250411/FASTQ/H52HYDSXF_3_8bp-UDP0176_2.fastq.gz,ABA23417,Nanger dama
H52HYDSXF_3_8bp-UDP0177,/scratch_isilon/groups/compgen/data_transfer/CGLZOO_12/20250411/FASTQ/H52HYDSXF_3_8bp-UDP0177_1.fastq.gz,/scratch_isilon/groups/compgen/data_transfer/CGLZOO_12/20250411/FASTQ/H52HYDSXF_3_8bp-UDP0177_2.fastq.gz,ABA23418,Cebuella pygmaea
H52HYDSXF_3_8bp-UDP0178,/scratch_isilon/groups/compgen/data_transfer/CGLZOO_12/20250411/FASTQ/H52HYDSXF_3_8bp-UDP0178_1.fastq.gz,/scratch_isilon/groups/compgen/data_transfer/CGLZOO_12/20250411/FASTQ/H52HYDSXF_3_8bp-UDP0178_2.fastq.gz,ABA23427,Miopithecus ogouensis
H52HYDSXF_3_8bp-UDP0179V3,/scratch_isilon/groups/compgen/data_transfer/CGLZOO_12/20250411/FASTQ/H52HYDSXF_3_8bp-UDP0179V3_1.fastq.gz,/scratch_isilon/groups/compgen/data_transfer/CGLZOO_12/20250411/FASTQ/H52HYDSXF_3_8bp-UDP0179V3_2.fastq.gz,ABA23429,Ovis aries
H52HYDSXF_3_8bp-UDP0180,/scratch_isilon/groups/compgen/data_transfer/CGLZOO_12/20250411/FASTQ/H52HYDSXF_3_8bp-UDP0180_1.fastq.gz,/scratch_isilon/groups/compgen/data_transfer/CGLZOO_12/20250411/FASTQ/H52HYDSXF_3_8bp-UDP0180_2.fastq.gz,ABA23436,Eliomys quercinus
H52HYDSXF_3_8bp-UDP0182,/scratch_isilon/groups/compgen/data_transfer/CGLZOO_12/20250411/FASTQ/H52HYDSXF_3_8bp-UDP0182_1.fastq.gz,/scratch_isilon/groups/compgen/data_transfer/CGLZOO_12/20250411/FASTQ/H52HYDSXF_3_8bp-UDP0182_2.fastq.gz,ABA23456,Capra hircus
H52HYDSXF_3_8bp-UDP0183,/scratch_isilon/groups/compgen/data_transfer/CGLZOO_12/20250411/FASTQ/H52HYDSXF_3_8bp-UDP0183_1.fastq.gz,/scratch_isilon/groups/compgen/data_transfer/CGLZOO_12/20250411/FASTQ/H52HYDSXF_3_8bp-UDP0183_2.fastq.gz,ABA23459,Beatragus hunteri
H52HYDSXF_4_8bp-UDP0171,/scratch_isilon/groups/compgen/data_transfer/CGLZOO_12/20250411/FASTQ/H52HYDSXF_4_8bp-UDP0171_1.fastq.gz,/scratch_isilon/groups/compgen/data_transfer/CGLZOO_12/20250411/FASTQ/H52HYDSXF_4_8bp-UDP0171_2.fastq.gz,ABA20158,Gazella cuvieri
H52HYDSXF_4_8bp-UDP0172,/scratch_isilon/groups/compgen/data_transfer/CGLZOO_12/20250411/FASTQ/H52HYDSXF_4_8bp-UDP0172_1.fastq.gz,/scratch_isilon/groups/compgen/data_transfer/CGLZOO_12/20250411/FASTQ/H52HYDSXF_4_8bp-UDP0172_2.fastq.gz,ABA20162,Petrogale xanthopus
H52HYDSXF_4_8bp-UDP0173,/scratch_isilon/groups/compgen/data_transfer/CGLZOO_12/20250411/FASTQ/H52HYDSXF_4_8bp-UDP0173_1.fastq.gz,/scratch_isilon/groups/compgen/data_transfer/CGLZOO_12/20250411/FASTQ/H52HYDSXF_4_8bp-UDP0173_2.fastq.gz,ABA20163,Dama dama
H52HYDSXF_4_8bp-UDP0174,/scratch_isilon/groups/compgen/data_transfer/CGLZOO_12/20250411/FASTQ/H52HYDSXF_4_8bp-UDP0174_1.fastq.gz,/scratch_isilon/groups/compgen/data_transfer/CGLZOO_12/20250411/FASTQ/H52HYDSXF_4_8bp-UDP0174_2.fastq.gz,ABA23231,Oryx dammah
H52HYDSXF_4_8bp-UDP0175,/scratch_isilon/groups/compgen/data_transfer/CGLZOO_12/20250411/FASTQ/H52HYDSXF_4_8bp-UDP0175_1.fastq.gz,/scratch_isilon/groups/compgen/data_transfer/CGLZOO_12/20250411/FASTQ/H52HYDSXF_4_8bp-UDP0175_2.fastq.gz,ABA23413,Rangifer tarandus
H52HYDSXF_4_8bp-UDP0176,/scratch_isilon/groups/compgen/data_transfer/CGLZOO_12/20250411/FASTQ/H52HYDSXF_4_8bp-UDP0176_1.fastq.gz,/scratch_isilon/groups/compgen/data_transfer/CGLZOO_12/20250411/FASTQ/H52HYDSXF_4_8bp-UDP0176_2.fastq.gz,ABA23417,Nanger dama
H52HYDSXF_4_8bp-UDP0177,/scratch_isilon/groups/compgen/data_transfer/CGLZOO_12/20250411/FASTQ/H52HYDSXF_4_8bp-UDP0177_1.fastq.gz,/scratch_isilon/groups/compgen/data_transfer/CGLZOO_12/20250411/FASTQ/H52HYDSXF_4_8bp-UDP0177_2.fastq.gz,ABA23418,Cebuella pygmaea
H52HYDSXF_4_8bp-UDP0178,/scratch_isilon/groups/compgen/data_transfer/CGLZOO_12/20250411/FASTQ/H52HYDSXF_4_8bp-UDP0178_1.fastq.gz,/scratch_isilon/groups/compgen/data_transfer/CGLZOO_12/20250411/FASTQ/H52HYDSXF_4_8bp-UDP0178_2.fastq.gz,ABA23427,Miopithecus ogouensis
H52HYDSXF_4_8bp-UDP0179V3,/scratch_isilon/groups/compgen/data_transfer/CGLZOO_12/20250411/FASTQ/H52HYDSXF_4_8bp-UDP0179V3_1.fastq.gz,/scratch_isilon/groups/compgen/data_transfer/CGLZOO_12/20250411/FASTQ/H52HYDSXF_4_8bp-UDP0179V3_2.fastq.gz,ABA23429,Ovis aries
H52HYDSXF_4_8bp-UDP0180,/scratch_isilon/groups/compgen/data_transfer/CGLZOO_12/20250411/FASTQ/H52HYDSXF_4_8bp-UDP0180_1.fastq.gz,/scratch_isilon/groups/compgen/data_transfer/CGLZOO_12/20250411/FASTQ/H52HYDSXF_4_8bp-UDP0180_2.fastq.gz,ABA23436,Eliomys quercinus
H52HYDSXF_4_8bp-UDP0182,/scratch_isilon/groups/compgen/data_transfer/CGLZOO_12/20250411/FASTQ/H52HYDSXF_4_8bp-UDP0182_1.fastq.gz,/scratch_isilon/groups/compgen/data_transfer/CGLZOO_12/20250411/FASTQ/H52HYDSXF_4_8bp-UDP0182_2.fastq.gz,ABA23456,Capra hircus
H52HYDSXF_4_8bp-UDP0183,/scratch_isilon/groups/compgen/data_transfer/CGLZOO_12/20250411/FASTQ/H52HYDSXF_4_8bp-UDP0183_1.fastq.gz,/scratch_isilon/groups/compgen/data_transfer/CGLZOO_12/20250411/FASTQ/H52HYDSXF_4_8bp-UDP0183_2.fastq.gz,ABA23459,Beatragus hunteri
H52JMDSXF_1_8bp-UDP0172,/scratch_isilon/groups/compgen/data_transfer/CGLZOO_12/20250411/FASTQ/H52JMDSXF_1_8bp-UDP0172_1.fastq.gz,/scratch_isilon/groups/compgen/data_transfer/CGLZOO_12/20250411/FASTQ/H52JMDSXF_1_8bp-UDP0172_2.fastq.gz,ABA20162,Petrogale xanthopus
H52JMDSXF_1_8bp-UDP0174,/scratch_isilon/groups/compgen/data_transfer/CGLZOO_12/20250411/FASTQ/H52JMDSXF_1_8bp-UDP0174_1.fastq.gz,/scratch_isilon/groups/compgen/data_transfer/CGLZOO_12/20250411/FASTQ/H52JMDSXF_1_8bp-UDP0174_2.fastq.gz,ABA23231,Oryx dammah
H52JMDSXF_1_8bp-UDP0175,/scratch_isilon/groups/compgen/data_transfer/CGLZOO_12/20250411/FASTQ/H52JMDSXF_1_8bp-UDP0175_1.fastq.gz,/scratch_isilon/groups/compgen/data_transfer/CGLZOO_12/20250411/FASTQ/H52JMDSXF_1_8bp-UDP0175_2.fastq.gz,ABA23413,Rangifer tarandus
H52JMDSXF_1_8bp-UDP0177,/scratch_isilon/groups/compgen/data_transfer/CGLZOO_12/20250411/FASTQ/H52JMDSXF_1_8bp-UDP0177_1.fastq.gz,/scratch_isilon/groups/compgen/data_transfer/CGLZOO_12/20250411/FASTQ/H52JMDSXF_1_8bp-UDP0177_2.fastq.gz,ABA23418,Cebuella pygmaea
H52JMDSXF_1_8bp-UDP0228,/scratch_isilon/groups/compgen/data_transfer/CGLZOO_12/20250411/FASTQ/H52JMDSXF_1_8bp-UDP0228_1.fastq.gz,/scratch_isilon/groups/compgen/data_transfer/CGLZOO_12/20250411/FASTQ/H52JMDSXF_1_8bp-UDP0228_2.fastq.gz,ABA23477,Dolichotis patagonum
H52JMDSXF_2_8bp-UDP0172,/scratch_isilon/groups/compgen/data_transfer/CGLZOO_12/20250411/FASTQ/H52JMDSXF_2_8bp-UDP0172_1.fastq.gz,/scratch_isilon/groups/compgen/data_transfer/CGLZOO_12/20250411/FASTQ/H52JMDSXF_2_8bp-UDP0172_2.fastq.gz,ABA20162,Petrogale xanthopus
H52JMDSXF_2_8bp-UDP0174,/scratch_isilon/groups/compgen/data_transfer/CGLZOO_12/20250411/FASTQ/H52JMDSXF_2_8bp-UDP0174_1.fastq.gz,/scratch_isilon/groups/compgen/data_transfer/CGLZOO_12/20250411/FASTQ/H52JMDSXF_2_8bp-UDP0174_2.fastq.gz,ABA23231,Oryx dammah
H52JMDSXF_2_8bp-UDP0175,/scratch_isilon/groups/compgen/data_transfer/CGLZOO_12/20250411/FASTQ/H52JMDSXF_2_8bp-UDP0175_1.fastq.gz,/scratch_isilon/groups/compgen/data_transfer/CGLZOO_12/20250411/FASTQ/H52JMDSXF_2_8bp-UDP0175_2.fastq.gz,ABA23413,Rangifer tarandus
H52JMDSXF_2_8bp-UDP0177,/scratch_isilon/groups/compgen/data_transfer/CGLZOO_12/20250411/FASTQ/H52JMDSXF_2_8bp-UDP0177_1.fastq.gz,/scratch_isilon/groups/compgen/data_transfer/CGLZOO_12/20250411/FASTQ/H52JMDSXF_2_8bp-UDP0177_2.fastq.gz,ABA23418,Cebuella pygmaea
H52JMDSXF_2_8bp-UDP0228,/scratch_isilon/groups/compgen/data_transfer/CGLZOO_12/20250411/FASTQ/H52JMDSXF_2_8bp-UDP0228_1.fastq.gz,/scratch_isilon/groups/compgen/data_transfer/CGLZOO_12/20250411/FASTQ/H52JMDSXF_2_8bp-UDP0228_2.fastq.gz,ABA23477,Dolichotis patagonum
H52JMDSXF_3_8bp-UDP0172,/scratch_isilon/groups/compgen/data_transfer/CGLZOO_12/20250411/FASTQ/H52JMDSXF_3_8bp-UDP0172_1.fastq.gz,/scratch_isilon/groups/compgen/data_transfer/CGLZOO_12/20250411/FASTQ/H52JMDSXF_3_8bp-UDP0172_2.fastq.gz,ABA20162,Petrogale xanthopus
H52JMDSXF_3_8bp-UDP0174,/scratch_isilon/groups/compgen/data_transfer/CGLZOO_12/20250411/FASTQ/H52JMDSXF_3_8bp-UDP0174_1.fastq.gz,/scratch_isilon/groups/compgen/data_transfer/CGLZOO_12/20250411/FASTQ/H52JMDSXF_3_8bp-UDP0174_2.fastq.gz,ABA23231,Oryx dammah
H52JMDSXF_3_8bp-UDP0175,/scratch_isilon/groups/compgen/data_transfer/CGLZOO_12/20250411/FASTQ/H52JMDSXF_3_8bp-UDP0175_1.fastq.gz,/scratch_isilon/groups/compgen/data_transfer/CGLZOO_12/20250411/FASTQ/H52JMDSXF_3_8bp-UDP0175_2.fastq.gz,ABA23413,Rangifer tarandus
H52JMDSXF_3_8bp-UDP0177,/scratch_isilon/groups/compgen/data_transfer/CGLZOO_12/20250411/FASTQ/H52JMDSXF_3_8bp-UDP0177_1.fastq.gz,/scratch_isilon/groups/compgen/data_transfer/CGLZOO_12/20250411/FASTQ/H52JMDSXF_3_8bp-UDP0177_2.fastq.gz,ABA23418,Cebuella pygmaea
H52JMDSXF_3_8bp-UDP0228,/scratch_isilon/groups/compgen/data_transfer/CGLZOO_12/20250411/FASTQ/H52JMDSXF_3_8bp-UDP0228_1.fastq.gz,/scratch_isilon/groups/compgen/data_transfer/CGLZOO_12/20250411/FASTQ/H52JMDSXF_3_8bp-UDP0228_2.fastq.gz,ABA23477,Dolichotis patagonum
H52JMDSXF_4_8bp-UDP0172,/scratch_isilon/groups/compgen/data_transfer/CGLZOO_12/20250411/FASTQ/H52JMDSXF_4_8bp-UDP0172_1.fastq.gz,/scratch_isilon/groups/compgen/data_transfer/CGLZOO_12/20250411/FASTQ/H52JMDSXF_4_8bp-UDP0172_2.fastq.gz,ABA20162,Petrogale xanthopus
H52JMDSXF_4_8bp-UDP0174,/scratch_isilon/groups/compgen/data_transfer/CGLZOO_12/20250411/FASTQ/H52JMDSXF_4_8bp-UDP0174_1.fastq.gz,/scratch_isilon/groups/compgen/data_transfer/CGLZOO_12/20250411/FASTQ/H52JMDSXF_4_8bp-UDP0174_2.fastq.gz,ABA23231,Oryx dammah
H52JMDSXF_4_8bp-UDP0175,/scratch_isilon/groups/compgen/data_transfer/CGLZOO_12/20250411/FASTQ/H52JMDSXF_4_8bp-UDP0175_1.fastq.gz,/scratch_isilon/groups/compgen/data_transfer/CGLZOO_12/20250411/FASTQ/H52JMDSXF_4_8bp-UDP0175_2.fastq.gz,ABA23413,Rangifer tarandus
H52JMDSXF_4_8bp-UDP0177,/scratch_isilon/groups/compgen/data_transfer/CGLZOO_12/20250411/FASTQ/H52JMDSXF_4_8bp-UDP0177_1.fastq.gz,/scratch_isilon/groups/compgen/data_transfer/CGLZOO_12/20250411/FASTQ/H52JMDSXF_4_8bp-UDP0177_2.fastq.gz,ABA23418,Cebuella pygmaea
H52JMDSXF_4_8bp-UDP0228,/scratch_isilon/groups/compgen/data_transfer/CGLZOO_12/20250411/FASTQ/H52JMDSXF_4_8bp-UDP0228_1.fastq.gz,/scratch_isilon/groups/compgen/data_transfer/CGLZOO_12/20250411/FASTQ/H52JMDSXF_4_8bp-UDP0228_2.fastq.gz,ABA23477,Dolichotis patagonum
H52MTDSXF_1_8bp-UDP0171,/scratch_isilon/groups/compgen/data_transfer/CGLZOO_12/20250411/FASTQ/H52MTDSXF_1_8bp-UDP0171_1.fastq.gz,/scratch_isilon/groups/compgen/data_transfer/CGLZOO_12/20250411/FASTQ/H52MTDSXF_1_8bp-UDP0171_2.fastq.gz,ABA20158,Gazella cuvieri
H52MTDSXF_1_8bp-UDP0172,/scratch_isilon/groups/compgen/data_transfer/CGLZOO_12/20250411/FASTQ/H52MTDSXF_1_8bp-UDP0172_1.fastq.gz,/scratch_isilon/groups/compgen/data_transfer/CGLZOO_12/20250411/FASTQ/H52MTDSXF_1_8bp-UDP0172_2.fastq.gz,ABA20162,Petrogale xanthopus
H52MTDSXF_1_8bp-UDP0175,/scratch_isilon/groups/compgen/data_transfer/CGLZOO_12/20250411/FASTQ/H52MTDSXF_1_8bp-UDP0175_1.fastq.gz,/scratch_isilon/groups/compgen/data_transfer/CGLZOO_12/20250411/FASTQ/H52MTDSXF_1_8bp-UDP0175_2.fastq.gz,ABA23413,Rangifer tarandus
H52MTDSXF_1_8bp-UDP0177,/scratch_isilon/groups/compgen/data_transfer/CGLZOO_12/20250411/FASTQ/H52MTDSXF_1_8bp-UDP0177_1.fastq.gz,/scratch_isilon/groups/compgen/data_transfer/CGLZOO_12/20250411/FASTQ/H52MTDSXF_1_8bp-UDP0177_2.fastq.gz,ABA23418,Cebuella pygmaea
H52MTDSXF_1_8bp-UDP0178,/scratch_isilon/groups/compgen/data_transfer/CGLZOO_12/20250411/FASTQ/H52MTDSXF_1_8bp-UDP0178_1.fastq.gz,/scratch_isilon/groups/compgen/data_transfer/CGLZOO_12/20250411/FASTQ/H52MTDSXF_1_8bp-UDP0178_2.fastq.gz,ABA23427,Miopithecus ogouensis
H52MTDSXF_1_8bp-UDP0179V3,/scratch_isilon/groups/compgen/data_transfer/CGLZOO_12/20250411/FASTQ/H52MTDSXF_1_8bp-UDP0179V3_1.fastq.gz,/scratch_isilon/groups/compgen/data_transfer/CGLZOO_12/20250411/FASTQ/H52MTDSXF_1_8bp-UDP0179V3_2.fastq.gz,ABA23429,Ovis aries
H52MTDSXF_1_8bp-UDP0180,/scratch_isilon/groups/compgen/data_transfer/CGLZOO_12/20250411/FASTQ/H52MTDSXF_1_8bp-UDP0180_1.fastq.gz,/scratch_isilon/groups/compgen/data_transfer/CGLZOO_12/20250411/FASTQ/H52MTDSXF_1_8bp-UDP0180_2.fastq.gz,ABA23436,Eliomys quercinus
H52MTDSXF_1_8bp-UDP0182,/scratch_isilon/groups/compgen/data_transfer/CGLZOO_12/20250411/FASTQ/H52MTDSXF_1_8bp-UDP0182_1.fastq.gz,/scratch_isilon/groups/compgen/data_transfer/CGLZOO_12/20250411/FASTQ/H52MTDSXF_1_8bp-UDP0182_2.fastq.gz,ABA23456,Capra hircus
H52MTDSXF_1_8bp-UDP0183,/scratch_isilon/groups/compgen/data_transfer/CGLZOO_12/20250411/FASTQ/H52MTDSXF_1_8bp-UDP0183_1.fastq.gz,/scratch_isilon/groups/compgen/data_transfer/CGLZOO_12/20250411/FASTQ/H52MTDSXF_1_8bp-UDP0183_2.fastq.gz,ABA23459,Beatragus hunteri
H52MTDSXF_2_8bp-UDP0171,/scratch_isilon/groups/compgen/data_transfer/CGLZOO_12/20250411/FASTQ/H52MTDSXF_2_8bp-UDP0171_1.fastq.gz,/scratch_isilon/groups/compgen/data_transfer/CGLZOO_12/20250411/FASTQ/H52MTDSXF_2_8bp-UDP0171_2.fastq.gz,ABA20158,Gazella cuvieri
H52MTDSXF_2_8bp-UDP0172,/scratch_isilon/groups/compgen/data_transfer/CGLZOO_12/20250411/FASTQ/H52MTDSXF_2_8bp-UDP0172_1.fastq.gz,/scratch_isilon/groups/compgen/data_transfer/CGLZOO_12/20250411/FASTQ/H52MTDSXF_2_8bp-UDP0172_2.fastq.gz,ABA20162,Petrogale xanthopus
H52MTDSXF_2_8bp-UDP0175,/scratch_isilon/groups/compgen/data_transfer/CGLZOO_12/20250411/FASTQ/H52MTDSXF_2_8bp-UDP0175_1.fastq.gz,/scratch_isilon/groups/compgen/data_transfer/CGLZOO_12/20250411/FASTQ/H52MTDSXF_2_8bp-UDP0175_2.fastq.gz,ABA23413,Rangifer tarandus
H52MTDSXF_2_8bp-UDP0177,/scratch_isilon/groups/compgen/data_transfer/CGLZOO_12/20250411/FASTQ/H52MTDSXF_2_8bp-UDP0177_1.fastq.gz,/scratch_isilon/groups/compgen/data_transfer/CGLZOO_12/20250411/FASTQ/H52MTDSXF_2_8bp-UDP0177_2.fastq.gz,ABA23418,Cebuella pygmaea
H52MTDSXF_2_8bp-UDP0178,/scratch_isilon/groups/compgen/data_transfer/CGLZOO_12/20250411/FASTQ/H52MTDSXF_2_8bp-UDP0178_1.fastq.gz,/scratch_isilon/groups/compgen/data_transfer/CGLZOO_12/20250411/FASTQ/H52MTDSXF_2_8bp-UDP0178_2.fastq.gz,ABA23427,Miopithecus ogouensis
H52MTDSXF_2_8bp-UDP0179V3,/scratch_isilon/groups/compgen/data_transfer/CGLZOO_12/20250411/FASTQ/H52MTDSXF_2_8bp-UDP0179V3_1.fastq.gz,/scratch_isilon/groups/compgen/data_transfer/CGLZOO_12/20250411/FASTQ/H52MTDSXF_2_8bp-UDP0179V3_2.fastq.gz,ABA23429,Ovis aries
H52MTDSXF_2_8bp-UDP0180,/scratch_isilon/groups/compgen/data_transfer/CGLZOO_12/20250411/FASTQ/H52MTDSXF_2_8bp-UDP0180_1.fastq.gz,/scratch_isilon/groups/compgen/data_transfer/CGLZOO_12/20250411/FASTQ/H52MTDSXF_2_8bp-UDP0180_2.fastq.gz,ABA23436,Eliomys quercinus
H52MTDSXF_2_8bp-UDP0182,/scratch_isilon/groups/compgen/data_transfer/CGLZOO_12/20250411/FASTQ/H52MTDSXF_2_8bp-UDP0182_1.fastq.gz,/scratch_isilon/groups/compgen/data_transfer/CGLZOO_12/20250411/FASTQ/H52MTDSXF_2_8bp-UDP0182_2.fastq.gz,ABA23456,Capra hircus
H52MTDSXF_2_8bp-UDP0183,/scratch_isilon/groups/compgen/data_transfer/CGLZOO_12/20250411/FASTQ/H52MTDSXF_2_8bp-UDP0183_1.fastq.gz,/scratch_isilon/groups/compgen/data_transfer/CGLZOO_12/20250411/FASTQ/H52MTDSXF_2_8bp-UDP0183_2.fastq.gz,ABA23459,Beatragus hunteri
H52MTDSXF_3_8bp-UDP0171,/scratch_isilon/groups/compgen/data_transfer/CGLZOO_12/20250411/FASTQ/H52MTDSXF_3_8bp-UDP0171_1.fastq.gz,/scratch_isilon/groups/compgen/data_transfer/CGLZOO_12/20250411/FASTQ/H52MTDSXF_3_8bp-UDP0171_2.fastq.gz,ABA20158,Gazella cuvieri
H52MTDSXF_3_8bp-UDP0172,/scratch_isilon/groups/compgen/data_transfer/CGLZOO_12/20250411/FASTQ/H52MTDSXF_3_8bp-UDP0172_1.fastq.gz,/scratch_isilon/groups/compgen/data_transfer/CGLZOO_12/20250411/FASTQ/H52MTDSXF_3_8bp-UDP0172_2.fastq.gz,ABA20162,Petrogale xanthopus
H52MTDSXF_3_8bp-UDP0175,/scratch_isilon/groups/compgen/data_transfer/CGLZOO_12/20250411/FASTQ/H52MTDSXF_3_8bp-UDP0175_1.fastq.gz,/scratch_isilon/groups/compgen/data_transfer/CGLZOO_12/20250411/FASTQ/H52MTDSXF_3_8bp-UDP0175_2.fastq.gz,ABA23413,Rangifer tarandus
H52MTDSXF_3_8bp-UDP0177,/scratch_isilon/groups/compgen/data_transfer/CGLZOO_12/20250411/FASTQ/H52MTDSXF_3_8bp-UDP0177_1.fastq.gz,/scratch_isilon/groups/compgen/data_transfer/CGLZOO_12/20250411/FASTQ/H52MTDSXF_3_8bp-UDP0177_2.fastq.gz,ABA23418,Cebuella pygmaea
H52MTDSXF_3_8bp-UDP0178,/scratch_isilon/groups/compgen/data_transfer/CGLZOO_12/20250411/FASTQ/H52MTDSXF_3_8bp-UDP0178_1.fastq.gz,/scratch_isilon/groups/compgen/data_transfer/CGLZOO_12/20250411/FASTQ/H52MTDSXF_3_8bp-UDP0178_2.fastq.gz,ABA23427,Miopithecus ogouensis
H52MTDSXF_3_8bp-UDP0179V3,/scratch_isilon/groups/compgen/data_transfer/CGLZOO_12/20250411/FASTQ/H52MTDSXF_3_8bp-UDP0179V3_1.fastq.gz,/scratch_isilon/groups/compgen/data_transfer/CGLZOO_12/20250411/FASTQ/H52MTDSXF_3_8bp-UDP0179V3_2.fastq.gz,ABA23429,Ovis aries
H52MTDSXF_3_8bp-UDP0180,/scratch_isilon/groups/compgen/data_transfer/CGLZOO_12/20250411/FASTQ/H52MTDSXF_3_8bp-UDP0180_1.fastq.gz,/scratch_isilon/groups/compgen/data_transfer/CGLZOO_12/20250411/FASTQ/H52MTDSXF_3_8bp-UDP0180_2.fastq.gz,ABA23436,Eliomys quercinus
H52MTDSXF_3_8bp-UDP0182,/scratch_isilon/groups/compgen/data_transfer/CGLZOO_12/20250411/FASTQ/H52MTDSXF_3_8bp-UDP0182_1.fastq.gz,/scratch_isilon/groups/compgen/data_transfer/CGLZOO_12/20250411/FASTQ/H52MTDSXF_3_8bp-UDP0182_2.fastq.gz,ABA23456,Capra hircus
H52MTDSXF_3_8bp-UDP0183,/scratch_isilon/groups/compgen/data_transfer/CGLZOO_12/20250411/FASTQ/H52MTDSXF_3_8bp-UDP0183_1.fastq.gz,/scratch_isilon/groups/compgen/data_transfer/CGLZOO_12/20250411/FASTQ/H52MTDSXF_3_8bp-UDP0183_2.fastq.gz,ABA23459,Beatragus hunteri
H52MTDSXF_4_8bp-UDP0171,/scratch_isilon/groups/compgen/data_transfer/CGLZOO_12/20250411/FASTQ/H52MTDSXF_4_8bp-UDP0171_1.fastq.gz,/scratch_isilon/groups/compgen/data_transfer/CGLZOO_12/20250411/FASTQ/H52MTDSXF_4_8bp-UDP0171_2.fastq.gz,ABA20158,Gazella cuvieri
H52MTDSXF_4_8bp-UDP0172,/scratch_isilon/groups/compgen/data_transfer/CGLZOO_12/20250411/FASTQ/H52MTDSXF_4_8bp-UDP0172_1.fastq.gz,/scratch_isilon/groups/compgen/data_transfer/CGLZOO_12/20250411/FASTQ/H52MTDSXF_4_8bp-UDP0172_2.fastq.gz,ABA20162,Petrogale xanthopus
H52MTDSXF_4_8bp-UDP0175,/scratch_isilon/groups/compgen/data_transfer/CGLZOO_12/20250411/FASTQ/H52MTDSXF_4_8bp-UDP0175_1.fastq.gz,/scratch_isilon/groups/compgen/data_transfer/CGLZOO_12/20250411/FASTQ/H52MTDSXF_4_8bp-UDP0175_2.fastq.gz,ABA23413,Rangifer tarandus
H52MTDSXF_4_8bp-UDP0177,/scratch_isilon/groups/compgen/data_transfer/CGLZOO_12/20250411/FASTQ/H52MTDSXF_4_8bp-UDP0177_1.fastq.gz,/scratch_isilon/groups/compgen/data_transfer/CGLZOO_12/20250411/FASTQ/H52MTDSXF_4_8bp-UDP0177_2.fastq.gz,ABA23418,Cebuella pygmaea
H52MTDSXF_4_8bp-UDP0178,/scratch_isilon/groups/compgen/data_transfer/CGLZOO_12/20250411/FASTQ/H52MTDSXF_4_8bp-UDP0178_1.fastq.gz,/scratch_isilon/groups/compgen/data_transfer/CGLZOO_12/20250411/FASTQ/H52MTDSXF_4_8bp-UDP0178_2.fastq.gz,ABA23427,Miopithecus ogouensis
H52MTDSXF_4_8bp-UDP0179V3,/scratch_isilon/groups/compgen/data_transfer/CGLZOO_12/20250411/FASTQ/H52MTDSXF_4_8bp-UDP0179V3_1.fastq.gz,/scratch_isilon/groups/compgen/data_transfer/CGLZOO_12/20250411/FASTQ/H52MTDSXF_4_8bp-UDP0179V3_2.fastq.gz,ABA23429,Ovis aries
H52MTDSXF_4_8bp-UDP0180,/scratch_isilon/groups/compgen/data_transfer/CGLZOO_12/20250411/FASTQ/H52MTDSXF_4_8bp-UDP0180_1.fastq.gz,/scratch_isilon/groups/compgen/data_transfer/CGLZOO_12/20250411/FASTQ/H52MTDSXF_4_8bp-UDP0180_2.fastq.gz,ABA23436,Eliomys quercinus
H52MTDSXF_4_8bp-UDP0182,/scratch_isilon/groups/compgen/data_transfer/CGLZOO_12/20250411/FASTQ/H52MTDSXF_4_8bp-UDP0182_1.fastq.gz,/scratch_isilon/groups/compgen/data_transfer/CGLZOO_12/20250411/FASTQ/H52MTDSXF_4_8bp-UDP0182_2.fastq.gz,ABA23456,Capra hircus
H52MTDSXF_4_8bp-UDP0183,/scratch_isilon/groups/compgen/data_transfer/CGLZOO_12/20250411/FASTQ/H52MTDSXF_4_8bp-UDP0183_1.fastq.gz,/scratch_isilon/groups/compgen/data_transfer/CGLZOO_12/20250411/FASTQ/H52MTDSXF_4_8bp-UDP0183_2.fastq.gz,ABA23459,Beatragus hunteri
H52TWDSXF_1_8bp-UDP0169,/scratch_isilon/groups/compgen/data_transfer/CGLZOO_12/20250411/FASTQ/H52TWDSXF_1_8bp-UDP0169_1.fastq.gz,/scratch_isilon/groups/compgen/data_transfer/CGLZOO_12/20250411/FASTQ/H52TWDSXF_1_8bp-UDP0169_2.fastq.gz,ABA20152,Saguinus midas
H52TWDSXF_1_8bp-UDP0170,/scratch_isilon/groups/compgen/data_transfer/CGLZOO_12/20250411/FASTQ/H52TWDSXF_1_8bp-UDP0170_1.fastq.gz,/scratch_isilon/groups/compgen/data_transfer/CGLZOO_12/20250411/FASTQ/H52TWDSXF_1_8bp-UDP0170_2.fastq.gz,ABA20157,Sapajus apella
H52TWDSXF_1_8bp-UDP0171,/scratch_isilon/groups/compgen/data_transfer/CGLZOO_12/20250411/FASTQ/H52TWDSXF_1_8bp-UDP0171_1.fastq.gz,/scratch_isilon/groups/compgen/data_transfer/CGLZOO_12/20250411/FASTQ/H52TWDSXF_1_8bp-UDP0171_2.fastq.gz,ABA20158,Gazella cuvieri
H52TWDSXF_1_8bp-UDP0173,/scratch_isilon/groups/compgen/data_transfer/CGLZOO_12/20250411/FASTQ/H52TWDSXF_1_8bp-UDP0173_1.fastq.gz,/scratch_isilon/groups/compgen/data_transfer/CGLZOO_12/20250411/FASTQ/H52TWDSXF_1_8bp-UDP0173_2.fastq.gz,ABA20163,Dama dama
H52TWDSXF_1_8bp-UDP0176,/scratch_isilon/groups/compgen/data_transfer/CGLZOO_12/20250411/FASTQ/H52TWDSXF_1_8bp-UDP0176_1.fastq.gz,/scratch_isilon/groups/compgen/data_transfer/CGLZOO_12/20250411/FASTQ/H52TWDSXF_1_8bp-UDP0176_2.fastq.gz,ABA23417,Nanger dama
H52TWDSXF_1_8bp-UDP0178,/scratch_isilon/groups/compgen/data_transfer/CGLZOO_12/20250411/FASTQ/H52TWDSXF_1_8bp-UDP0178_1.fastq.gz,/scratch_isilon/groups/compgen/data_transfer/CGLZOO_12/20250411/FASTQ/H52TWDSXF_1_8bp-UDP0178_2.fastq.gz,ABA23427,Miopithecus ogouensis
H52TWDSXF_1_8bp-UDP0179V3,/scratch_isilon/groups/compgen/data_transfer/CGLZOO_12/20250411/FASTQ/H52TWDSXF_1_8bp-UDP0179V3_1.fastq.gz,/scratch_isilon/groups/compgen/data_transfer/CGLZOO_12/20250411/FASTQ/H52TWDSXF_1_8bp-UDP0179V3_2.fastq.gz,ABA23429,Ovis aries
H52TWDSXF_1_8bp-UDP0180,/scratch_isilon/groups/compgen/data_transfer/CGLZOO_12/20250411/FASTQ/H52TWDSXF_1_8bp-UDP0180_1.fastq.gz,/scratch_isilon/groups/compgen/data_transfer/CGLZOO_12/20250411/FASTQ/H52TWDSXF_1_8bp-UDP0180_2.fastq.gz,ABA23436,Eliomys quercinus
H52TWDSXF_1_8bp-UDP0181,/scratch_isilon/groups/compgen/data_transfer/CGLZOO_12/20250411/FASTQ/H52TWDSXF_1_8bp-UDP0181_1.fastq.gz,/scratch_isilon/groups/compgen/data_transfer/CGLZOO_12/20250411/FASTQ/H52TWDSXF_1_8bp-UDP0181_2.fastq.gz,ABA23439,Lemur catta
H52TWDSXF_1_8bp-UDP0182,/scratch_isilon/groups/compgen/data_transfer/CGLZOO_12/20250411/FASTQ/H52TWDSXF_1_8bp-UDP0182_1.fastq.gz,/scratch_isilon/groups/compgen/data_transfer/CGLZOO_12/20250411/FASTQ/H52TWDSXF_1_8bp-UDP0182_2.fastq.gz,ABA23456,Capra hircus
H52TWDSXF_1_8bp-UDP0183,/scratch_isilon/groups/compgen/data_transfer/CGLZOO_12/20250411/FASTQ/H52TWDSXF_1_8bp-UDP0183_1.fastq.gz,/scratch_isilon/groups/compgen/data_transfer/CGLZOO_12/20250411/FASTQ/H52TWDSXF_1_8bp-UDP0183_2.fastq.gz,ABA23459,Beatragus hunteri
H52TWDSXF_1_8bp-UDP0184,/scratch_isilon/groups/compgen/data_transfer/CGLZOO_12/20250411/FASTQ/H52TWDSXF_1_8bp-UDP0184_1.fastq.gz,/scratch_isilon/groups/compgen/data_transfer/CGLZOO_12/20250411/FASTQ/H52TWDSXF_1_8bp-UDP0184_2.fastq.gz,ABA23461,Nanger dama
H52TWDSXF_1_8bp-UDP0185,/scratch_isilon/groups/compgen/data_transfer/CGLZOO_12/20250411/FASTQ/H52TWDSXF_1_8bp-UDP0185_1.fastq.gz,/scratch_isilon/groups/compgen/data_transfer/CGLZOO_12/20250411/FASTQ/H52TWDSXF_1_8bp-UDP0185_2.fastq.gz,ABA23468,Equus caballus
H52TWDSXF_1_8bp-UDP0186,/scratch_isilon/groups/compgen/data_transfer/CGLZOO_12/20250411/FASTQ/H52TWDSXF_1_8bp-UDP0186_1.fastq.gz,/scratch_isilon/groups/compgen/data_transfer/CGLZOO_12/20250411/FASTQ/H52TWDSXF_1_8bp-UDP0186_2.fastq.gz,ABA23474,Dolichotis patagonum
H52TWDSXF_1_8bp-UDP0187,/scratch_isilon/groups/compgen/data_transfer/CGLZOO_12/20250411/FASTQ/H52TWDSXF_1_8bp-UDP0187_1.fastq.gz,/scratch_isilon/groups/compgen/data_transfer/CGLZOO_12/20250411/FASTQ/H52TWDSXF_1_8bp-UDP0187_2.fastq.gz,ABA23482,Capra pyrenaica
H52TWDSXF_1_8bp-UDP0188,/scratch_isilon/groups/compgen/data_transfer/CGLZOO_12/20250411/FASTQ/H52TWDSXF_1_8bp-UDP0188_1.fastq.gz,/scratch_isilon/groups/compgen/data_transfer/CGLZOO_12/20250411/FASTQ/H52TWDSXF_1_8bp-UDP0188_2.fastq.gz,ABA23484,Connochaetes taurinus
H52TWDSXF_1_8bp-UDP0189,/scratch_isilon/groups/compgen/data_transfer/CGLZOO_12/20250411/FASTQ/H52TWDSXF_1_8bp-UDP0189_1.fastq.gz,/scratch_isilon/groups/compgen/data_transfer/CGLZOO_12/20250411/FASTQ/H52TWDSXF_1_8bp-UDP0189_2.fastq.gz,ABA23487,Elaphurus davidianus
H52TWDSXF_1_8bp-UDP0190,/scratch_isilon/groups/compgen/data_transfer/CGLZOO_12/20250411/FASTQ/H52TWDSXF_1_8bp-UDP0190_1.fastq.gz,/scratch_isilon/groups/compgen/data_transfer/CGLZOO_12/20250411/FASTQ/H52TWDSXF_1_8bp-UDP0190_2.fastq.gz,ABA23492,Lemur catta
H52TWDSXF_1_8bp-UDP0191,/scratch_isilon/groups/compgen/data_transfer/CGLZOO_12/20250411/FASTQ/H52TWDSXF_1_8bp-UDP0191_1.fastq.gz,/scratch_isilon/groups/compgen/data_transfer/CGLZOO_12/20250411/FASTQ/H52TWDSXF_1_8bp-UDP0191_2.fastq.gz,ABA23495,Axis axis
H52TWDSXF_1_8bp-UDP0192,/scratch_isilon/groups/compgen/data_transfer/CGLZOO_12/20250411/FASTQ/H52TWDSXF_1_8bp-UDP0192_1.fastq.gz,/scratch_isilon/groups/compgen/data_transfer/CGLZOO_12/20250411/FASTQ/H52TWDSXF_1_8bp-UDP0192_2.fastq.gz,ABA23503,Leontopithecus chrysomelas
H52TWDSXF_1_8bp-UDP0227V3,/scratch_isilon/groups/compgen/data_transfer/CGLZOO_12/20250411/FASTQ/H52TWDSXF_1_8bp-UDP0227V3_1.fastq.gz,/scratch_isilon/groups/compgen/data_transfer/CGLZOO_12/20250411/FASTQ/H52TWDSXF_1_8bp-UDP0227V3_2.fastq.gz,ABA23475,Procavia capensis
H52TWDSXF_1_8bp-UDP0229,/scratch_isilon/groups/compgen/data_transfer/CGLZOO_12/20250411/FASTQ/H52TWDSXF_1_8bp-UDP0229_1.fastq.gz,/scratch_isilon/groups/compgen/data_transfer/CGLZOO_12/20250411/FASTQ/H52TWDSXF_1_8bp-UDP0229_2.fastq.gz,ABA23486,Oryx gazella
H52TWDSXF_1_8bp-UDP0230,/scratch_isilon/groups/compgen/data_transfer/CGLZOO_12/20250411/FASTQ/H52TWDSXF_1_8bp-UDP0230_1.fastq.gz,/scratch_isilon/groups/compgen/data_transfer/CGLZOO_12/20250411/FASTQ/H52TWDSXF_1_8bp-UDP0230_2.fastq.gz,ABA23496,Capra hircus
H52TWDSXF_1_8bp-UDP0231,/scratch_isilon/groups/compgen/data_transfer/CGLZOO_12/20250411/FASTQ/H52TWDSXF_1_8bp-UDP0231_1.fastq.gz,/scratch_isilon/groups/compgen/data_transfer/CGLZOO_12/20250411/FASTQ/H52TWDSXF_1_8bp-UDP0231_2.fastq.gz,ABA23497,Ovis aries
H52TWDSXF_1_8bp-UDP0232,/scratch_isilon/groups/compgen/data_transfer/CGLZOO_12/20250411/FASTQ/H52TWDSXF_1_8bp-UDP0232_1.fastq.gz,/scratch_isilon/groups/compgen/data_transfer/CGLZOO_12/20250411/FASTQ/H52TWDSXF_1_8bp-UDP0232_2.fastq.gz,ABA23504,Rangifer tarandus
H52TWDSXF_2_8bp-UDP0169,/scratch_isilon/groups/compgen/data_transfer/CGLZOO_12/20250411/FASTQ/H52TWDSXF_2_8bp-UDP0169_1.fastq.gz,/scratch_isilon/groups/compgen/data_transfer/CGLZOO_12/20250411/FASTQ/H52TWDSXF_2_8bp-UDP0169_2.fastq.gz,ABA20152,Saguinus midas
H52TWDSXF_2_8bp-UDP0170,/scratch_isilon/groups/compgen/data_transfer/CGLZOO_12/20250411/FASTQ/H52TWDSXF_2_8bp-UDP0170_1.fastq.gz,/scratch_isilon/groups/compgen/data_transfer/CGLZOO_12/20250411/FASTQ/H52TWDSXF_2_8bp-UDP0170_2.fastq.gz,ABA20157,Sapajus apella
H52TWDSXF_2_8bp-UDP0171,/scratch_isilon/groups/compgen/data_transfer/CGLZOO_12/20250411/FASTQ/H52TWDSXF_2_8bp-UDP0171_1.fastq.gz,/scratch_isilon/groups/compgen/data_transfer/CGLZOO_12/20250411/FASTQ/H52TWDSXF_2_8bp-UDP0171_2.fastq.gz,ABA20158,Gazella cuvieri
H52TWDSXF_2_8bp-UDP0173,/scratch_isilon/groups/compgen/data_transfer/CGLZOO_12/20250411/FASTQ/H52TWDSXF_2_8bp-UDP0173_1.fastq.gz,/scratch_isilon/groups/compgen/data_transfer/CGLZOO_12/20250411/FASTQ/H52TWDSXF_2_8bp-UDP0173_2.fastq.gz,ABA20163,Dama dama
H52TWDSXF_2_8bp-UDP0176,/scratch_isilon/groups/compgen/data_transfer/CGLZOO_12/20250411/FASTQ/H52TWDSXF_2_8bp-UDP0176_1.fastq.gz,/scratch_isilon/groups/compgen/data_transfer/CGLZOO_12/20250411/FASTQ/H52TWDSXF_2_8bp-UDP0176_2.fastq.gz,ABA23417,Nanger dama
H52TWDSXF_2_8bp-UDP0178,/scratch_isilon/groups/compgen/data_transfer/CGLZOO_12/20250411/FASTQ/H52TWDSXF_2_8bp-UDP0178_1.fastq.gz,/scratch_isilon/groups/compgen/data_transfer/CGLZOO_12/20250411/FASTQ/H52TWDSXF_2_8bp-UDP0178_2.fastq.gz,ABA23427,Miopithecus ogouensis
H52TWDSXF_2_8bp-UDP0179V3,/scratch_isilon/groups/compgen/data_transfer/CGLZOO_12/20250411/FASTQ/H52TWDSXF_2_8bp-UDP0179V3_1.fastq.gz,/scratch_isilon/groups/compgen/data_transfer/CGLZOO_12/20250411/FASTQ/H52TWDSXF_2_8bp-UDP0179V3_2.fastq.gz,ABA23429,Ovis aries
H52TWDSXF_2_8bp-UDP0180,/scratch_isilon/groups/compgen/data_transfer/CGLZOO_12/20250411/FASTQ/H52TWDSXF_2_8bp-UDP0180_1.fastq.gz,/scratch_isilon/groups/compgen/data_transfer/CGLZOO_12/20250411/FASTQ/H52TWDSXF_2_8bp-UDP0180_2.fastq.gz,ABA23436,Eliomys quercinus
H52TWDSXF_2_8bp-UDP0181,/scratch_isilon/groups/compgen/data_transfer/CGLZOO_12/20250411/FASTQ/H52TWDSXF_2_8bp-UDP0181_1.fastq.gz,/scratch_isilon/groups/compgen/data_transfer/CGLZOO_12/20250411/FASTQ/H52TWDSXF_2_8bp-UDP0181_2.fastq.gz,ABA23439,Lemur catta
H52TWDSXF_2_8bp-UDP0182,/scratch_isilon/groups/compgen/data_transfer/CGLZOO_12/20250411/FASTQ/H52TWDSXF_2_8bp-UDP0182_1.fastq.gz,/scratch_isilon/groups/compgen/data_transfer/CGLZOO_12/20250411/FASTQ/H52TWDSXF_2_8bp-UDP0182_2.fastq.gz,ABA23456,Capra hircus
H52TWDSXF_2_8bp-UDP0183,/scratch_isilon/groups/compgen/data_transfer/CGLZOO_12/20250411/FASTQ/H52TWDSXF_2_8bp-UDP0183_1.fastq.gz,/scratch_isilon/groups/compgen/data_transfer/CGLZOO_12/20250411/FASTQ/H52TWDSXF_2_8bp-UDP0183_2.fastq.gz,ABA23459,Beatragus hunteri
H52TWDSXF_2_8bp-UDP0184,/scratch_isilon/groups/compgen/data_transfer/CGLZOO_12/20250411/FASTQ/H52TWDSXF_2_8bp-UDP0184_1.fastq.gz,/scratch_isilon/groups/compgen/data_transfer/CGLZOO_12/20250411/FASTQ/H52TWDSXF_2_8bp-UDP0184_2.fastq.gz,ABA23461,Nanger dama
H52TWDSXF_2_8bp-UDP0185,/scratch_isilon/groups/compgen/data_transfer/CGLZOO_12/20250411/FASTQ/H52TWDSXF_2_8bp-UDP0185_1.fastq.gz,/scratch_isilon/groups/compgen/data_transfer/CGLZOO_12/20250411/FASTQ/H52TWDSXF_2_8bp-UDP0185_2.fastq.gz,ABA23468,Equus caballus
H52TWDSXF_2_8bp-UDP0186,/scratch_isilon/groups/compgen/data_transfer/CGLZOO_12/20250411/FASTQ/H52TWDSXF_2_8bp-UDP0186_1.fastq.gz,/scratch_isilon/groups/compgen/data_transfer/CGLZOO_12/20250411/FASTQ/H52TWDSXF_2_8bp-UDP0186_2.fastq.gz,ABA23474,Dolichotis patagonum
H52TWDSXF_2_8bp-UDP0187,/scratch_isilon/groups/compgen/data_transfer/CGLZOO_12/20250411/FASTQ/H52TWDSXF_2_8bp-UDP0187_1.fastq.gz,/scratch_isilon/groups/compgen/data_transfer/CGLZOO_12/20250411/FASTQ/H52TWDSXF_2_8bp-UDP0187_2.fastq.gz,ABA23482,Capra pyrenaica
H52TWDSXF_2_8bp-UDP0188,/scratch_isilon/groups/compgen/data_transfer/CGLZOO_12/20250411/FASTQ/H52TWDSXF_2_8bp-UDP0188_1.fastq.gz,/scratch_isilon/groups/compgen/data_transfer/CGLZOO_12/20250411/FASTQ/H52TWDSXF_2_8bp-UDP0188_2.fastq.gz,ABA23484,Connochaetes taurinus
H52TWDSXF_2_8bp-UDP0189,/scratch_isilon/groups/compgen/data_transfer/CGLZOO_12/20250411/FASTQ/H52TWDSXF_2_8bp-UDP0189_1.fastq.gz,/scratch_isilon/groups/compgen/data_transfer/CGLZOO_12/20250411/FASTQ/H52TWDSXF_2_8bp-UDP0189_2.fastq.gz,ABA23487,Elaphurus davidianus
H52TWDSXF_2_8bp-UDP0190,/scratch_isilon/groups/compgen/data_transfer/CGLZOO_12/20250411/FASTQ/H52TWDSXF_2_8bp-UDP0190_1.fastq.gz,/scratch_isilon/groups/compgen/data_transfer/CGLZOO_12/20250411/FASTQ/H52TWDSXF_2_8bp-UDP0190_2.fastq.gz,ABA23492,Lemur catta
H52TWDSXF_2_8bp-UDP0191,/scratch_isilon/groups/compgen/data_transfer/CGLZOO_12/20250411/FASTQ/H52TWDSXF_2_8bp-UDP0191_1.fastq.gz,/scratch_isilon/groups/compgen/data_transfer/CGLZOO_12/20250411/FASTQ/H52TWDSXF_2_8bp-UDP0191_2.fastq.gz,ABA23495,Axis axis
H52TWDSXF_2_8bp-UDP0192,/scratch_isilon/groups/compgen/data_transfer/CGLZOO_12/20250411/FASTQ/H52TWDSXF_2_8bp-UDP0192_1.fastq.gz,/scratch_isilon/groups/compgen/data_transfer/CGLZOO_12/20250411/FASTQ/H52TWDSXF_2_8bp-UDP0192_2.fastq.gz,ABA23503,Leontopithecus chrysomelas
H52TWDSXF_2_8bp-UDP0227V3,/scratch_isilon/groups/compgen/data_transfer/CGLZOO_12/20250411/FASTQ/H52TWDSXF_2_8bp-UDP0227V3_1.fastq.gz,/scratch_isilon/groups/compgen/data_transfer/CGLZOO_12/20250411/FASTQ/H52TWDSXF_2_8bp-UDP0227V3_2.fastq.gz,ABA23475,Procavia capensis
H52TWDSXF_2_8bp-UDP0229,/scratch_isilon/groups/compgen/data_transfer/CGLZOO_12/20250411/FASTQ/H52TWDSXF_2_8bp-UDP0229_1.fastq.gz,/scratch_isilon/groups/compgen/data_transfer/CGLZOO_12/20250411/FASTQ/H52TWDSXF_2_8bp-UDP0229_2.fastq.gz,ABA23486,Oryx gazella
H52TWDSXF_2_8bp-UDP0230,/scratch_isilon/groups/compgen/data_transfer/CGLZOO_12/20250411/FASTQ/H52TWDSXF_2_8bp-UDP0230_1.fastq.gz,/scratch_isilon/groups/compgen/data_transfer/CGLZOO_12/20250411/FASTQ/H52TWDSXF_2_8bp-UDP0230_2.fastq.gz,ABA23496,Capra hircus
H52TWDSXF_2_8bp-UDP0231,/scratch_isilon/groups/compgen/data_transfer/CGLZOO_12/20250411/FASTQ/H52TWDSXF_2_8bp-UDP0231_1.fastq.gz,/scratch_isilon/groups/compgen/data_transfer/CGLZOO_12/20250411/FASTQ/H52TWDSXF_2_8bp-UDP0231_2.fastq.gz,ABA23497,Ovis aries
H52TWDSXF_2_8bp-UDP0232,/scratch_isilon/groups/compgen/data_transfer/CGLZOO_12/20250411/FASTQ/H52TWDSXF_2_8bp-UDP0232_1.fastq.gz,/scratch_isilon/groups/compgen/data_transfer/CGLZOO_12/20250411/FASTQ/H52TWDSXF_2_8bp-UDP0232_2.fastq.gz,ABA23504,Rangifer tarandus
H52TWDSXF_3_8bp-UDP0169,/scratch_isilon/groups/compgen/data_transfer/CGLZOO_12/20250411/FASTQ/H52TWDSXF_3_8bp-UDP0169_1.fastq.gz,/scratch_isilon/groups/compgen/data_transfer/CGLZOO_12/20250411/FASTQ/H52TWDSXF_3_8bp-UDP0169_2.fastq.gz,ABA20152,Saguinus midas
H52TWDSXF_3_8bp-UDP0170,/scratch_isilon/groups/compgen/data_transfer/CGLZOO_12/20250411/FASTQ/H52TWDSXF_3_8bp-UDP0170_1.fastq.gz,/scratch_isilon/groups/compgen/data_transfer/CGLZOO_12/20250411/FASTQ/H52TWDSXF_3_8bp-UDP0170_2.fastq.gz,ABA20157,Sapajus apella
H52TWDSXF_3_8bp-UDP0171,/scratch_isilon/groups/compgen/data_transfer/CGLZOO_12/20250411/FASTQ/H52TWDSXF_3_8bp-UDP0171_1.fastq.gz,/scratch_isilon/groups/compgen/data_transfer/CGLZOO_12/20250411/FASTQ/H52TWDSXF_3_8bp-UDP0171_2.fastq.gz,ABA20158,Gazella cuvieri
H52TWDSXF_3_8bp-UDP0173,/scratch_isilon/groups/compgen/data_transfer/CGLZOO_12/20250411/FASTQ/H52TWDSXF_3_8bp-UDP0173_1.fastq.gz,/scratch_isilon/groups/compgen/data_transfer/CGLZOO_12/20250411/FASTQ/H52TWDSXF_3_8bp-UDP0173_2.fastq.gz,ABA20163,Dama dama
H52TWDSXF_3_8bp-UDP0176,/scratch_isilon/groups/compgen/data_transfer/CGLZOO_12/20250411/FASTQ/H52TWDSXF_3_8bp-UDP0176_1.fastq.gz,/scratch_isilon/groups/compgen/data_transfer/CGLZOO_12/20250411/FASTQ/H52TWDSXF_3_8bp-UDP0176_2.fastq.gz,ABA23417,Nanger dama
H52TWDSXF_3_8bp-UDP0178,/scratch_isilon/groups/compgen/data_transfer/CGLZOO_12/20250411/FASTQ/H52TWDSXF_3_8bp-UDP0178_1.fastq.gz,/scratch_isilon/groups/compgen/data_transfer/CGLZOO_12/20250411/FASTQ/H52TWDSXF_3_8bp-UDP0178_2.fastq.gz,ABA23427,Miopithecus ogouensis
H52TWDSXF_3_8bp-UDP0179V3,/scratch_isilon/groups/compgen/data_transfer/CGLZOO_12/20250411/FASTQ/H52TWDSXF_3_8bp-UDP0179V3_1.fastq.gz,/scratch_isilon/groups/compgen/data_transfer/CGLZOO_12/20250411/FASTQ/H52TWDSXF_3_8bp-UDP0179V3_2.fastq.gz,ABA23429,Ovis aries
H52TWDSXF_3_8bp-UDP0180,/scratch_isilon/groups/compgen/data_transfer/CGLZOO_12/20250411/FASTQ/H52TWDSXF_3_8bp-UDP0180_1.fastq.gz,/scratch_isilon/groups/compgen/data_transfer/CGLZOO_12/20250411/FASTQ/H52TWDSXF_3_8bp-UDP0180_2.fastq.gz,ABA23436,Eliomys quercinus
H52TWDSXF_3_8bp-UDP0181,/scratch_isilon/groups/compgen/data_transfer/CGLZOO_12/20250411/FASTQ/H52TWDSXF_3_8bp-UDP0181_1.fastq.gz,/scratch_isilon/groups/compgen/data_transfer/CGLZOO_12/20250411/FASTQ/H52TWDSXF_3_8bp-UDP0181_2.fastq.gz,ABA23439,Lemur catta
H52TWDSXF_3_8bp-UDP0182,/scratch_isilon/groups/compgen/data_transfer/CGLZOO_12/20250411/FASTQ/H52TWDSXF_3_8bp-UDP0182_1.fastq.gz,/scratch_isilon/groups/compgen/data_transfer/CGLZOO_12/20250411/FASTQ/H52TWDSXF_3_8bp-UDP0182_2.fastq.gz,ABA23456,Capra hircus
H52TWDSXF_3_8bp-UDP0183,/scratch_isilon/groups/compgen/data_transfer/CGLZOO_12/20250411/FASTQ/H52TWDSXF_3_8bp-UDP0183_1.fastq.gz,/scratch_isilon/groups/compgen/data_transfer/CGLZOO_12/20250411/FASTQ/H52TWDSXF_3_8bp-UDP0183_2.fastq.gz,ABA23459,Beatragus hunteri
H52TWDSXF_3_8bp-UDP0184,/scratch_isilon/groups/compgen/data_transfer/CGLZOO_12/20250411/FASTQ/H52TWDSXF_3_8bp-UDP0184_1.fastq.gz,/scratch_isilon/groups/compgen/data_transfer/CGLZOO_12/20250411/FASTQ/H52TWDSXF_3_8bp-UDP0184_2.fastq.gz,ABA23461,Nanger dama
H52TWDSXF_3_8bp-UDP0185,/scratch_isilon/groups/compgen/data_transfer/CGLZOO_12/20250411/FASTQ/H52TWDSXF_3_8bp-UDP0185_1.fastq.gz,/scratch_isilon/groups/compgen/data_transfer/CGLZOO_12/20250411/FASTQ/H52TWDSXF_3_8bp-UDP0185_2.fastq.gz,ABA23468,Equus caballus
H52TWDSXF_3_8bp-UDP0186,/scratch_isilon/groups/compgen/data_transfer/CGLZOO_12/20250411/FASTQ/H52TWDSXF_3_8bp-UDP0186_1.fastq.gz,/scratch_isilon/groups/compgen/data_transfer/CGLZOO_12/20250411/FASTQ/H52TWDSXF_3_8bp-UDP0186_2.fastq.gz,ABA23474,Dolichotis patagonum
H52TWDSXF_3_8bp-UDP0187,/scratch_isilon/groups/compgen/data_transfer/CGLZOO_12/20250411/FASTQ/H52TWDSXF_3_8bp-UDP0187_1.fastq.gz,/scratch_isilon/groups/compgen/data_transfer/CGLZOO_12/20250411/FASTQ/H52TWDSXF_3_8bp-UDP0187_2.fastq.gz,ABA23482,Capra pyrenaica
H52TWDSXF_3_8bp-UDP0188,/scratch_isilon/groups/compgen/data_transfer/CGLZOO_12/20250411/FASTQ/H52TWDSXF_3_8bp-UDP0188_1.fastq.gz,/scratch_isilon/groups/compgen/data_transfer/CGLZOO_12/20250411/FASTQ/H52TWDSXF_3_8bp-UDP0188_2.fastq.gz,ABA23484,Connochaetes taurinus
H52TWDSXF_3_8bp-UDP0189,/scratch_isilon/groups/compgen/data_transfer/CGLZOO_12/20250411/FASTQ/H52TWDSXF_3_8bp-UDP0189_1.fastq.gz,/scratch_isilon/groups/compgen/data_transfer/CGLZOO_12/20250411/FASTQ/H52TWDSXF_3_8bp-UDP0189_2.fastq.gz,ABA23487,Elaphurus davidianus
H52TWDSXF_3_8bp-UDP0190,/scratch_isilon/groups/compgen/data_transfer/CGLZOO_12/20250411/FASTQ/H52TWDSXF_3_8bp-UDP0190_1.fastq.gz,/scratch_isilon/groups/compgen/data_transfer/CGLZOO_12/20250411/FASTQ/H52TWDSXF_3_8bp-UDP0190_2.fastq.gz,ABA23492,Lemur catta
H52TWDSXF_3_8bp-UDP0191,/scratch_isilon/groups/compgen/data_transfer/CGLZOO_12/20250411/FASTQ/H52TWDSXF_3_8bp-UDP0191_1.fastq.gz,/scratch_isilon/groups/compgen/data_transfer/CGLZOO_12/20250411/FASTQ/H52TWDSXF_3_8bp-UDP0191_2.fastq.gz,ABA23495,Axis axis
H52TWDSXF_3_8bp-UDP0192,/scratch_isilon/groups/compgen/data_transfer/CGLZOO_12/20250411/FASTQ/H52TWDSXF_3_8bp-UDP0192_1.fastq.gz,/scratch_isilon/groups/compgen/data_transfer/CGLZOO_12/20250411/FASTQ/H52TWDSXF_3_8bp-UDP0192_2.fastq.gz,ABA23503,Leontopithecus chrysomelas
H52TWDSXF_3_8bp-UDP0227V3,/scratch_isilon/groups/compgen/data_transfer/CGLZOO_12/20250411/FASTQ/H52TWDSXF_3_8bp-UDP0227V3_1.fastq.gz,/scratch_isilon/groups/compgen/data_transfer/CGLZOO_12/20250411/FASTQ/H52TWDSXF_3_8bp-UDP0227V3_2.fastq.gz,ABA23475,Procavia capensis
H52TWDSXF_3_8bp-UDP0229,/scratch_isilon/groups/compgen/data_transfer/CGLZOO_12/20250411/FASTQ/H52TWDSXF_3_8bp-UDP0229_1.fastq.gz,/scratch_isilon/groups/compgen/data_transfer/CGLZOO_12/20250411/FASTQ/H52TWDSXF_3_8bp-UDP0229_2.fastq.gz,ABA23486,Oryx gazella
H52TWDSXF_3_8bp-UDP0230,/scratch_isilon/groups/compgen/data_transfer/CGLZOO_12/20250411/FASTQ/H52TWDSXF_3_8bp-UDP0230_1.fastq.gz,/scratch_isilon/groups/compgen/data_transfer/CGLZOO_12/20250411/FASTQ/H52TWDSXF_3_8bp-UDP0230_2.fastq.gz,ABA23496,Capra hircus
H52TWDSXF_3_8bp-UDP0231,/scratch_isilon/groups/compgen/data_transfer/CGLZOO_12/20250411/FASTQ/H52TWDSXF_3_8bp-UDP0231_1.fastq.gz,/scratch_isilon/groups/compgen/data_transfer/CGLZOO_12/20250411/FASTQ/H52TWDSXF_3_8bp-UDP0231_2.fastq.gz,ABA23497,Ovis aries
H52TWDSXF_3_8bp-UDP0232,/scratch_isilon/groups/compgen/data_transfer/CGLZOO_12/20250411/FASTQ/H52TWDSXF_3_8bp-UDP0232_1.fastq.gz,/scratch_isilon/groups/compgen/data_transfer/CGLZOO_12/20250411/FASTQ/H52TWDSXF_3_8bp-UDP0232_2.fastq.gz,ABA23504,Rangifer tarandus
H52TWDSXF_4_8bp-UDP0169,/scratch_isilon/groups/compgen/data_transfer/CGLZOO_12/20250411/FASTQ/H52TWDSXF_4_8bp-UDP0169_1.fastq.gz,/scratch_isilon/groups/compgen/data_transfer/CGLZOO_12/20250411/FASTQ/H52TWDSXF_4_8bp-UDP0169_2.fastq.gz,ABA20152,Saguinus midas
H52TWDSXF_4_8bp-UDP0170,/scratch_isilon/groups/compgen/data_transfer/CGLZOO_12/20250411/FASTQ/H52TWDSXF_4_8bp-UDP0170_1.fastq.gz,/scratch_isilon/groups/compgen/data_transfer/CGLZOO_12/20250411/FASTQ/H52TWDSXF_4_8bp-UDP0170_2.fastq.gz,ABA20157,Sapajus apella
H52TWDSXF_4_8bp-UDP0171,/scratch_isilon/groups/compgen/data_transfer/CGLZOO_12/20250411/FASTQ/H52TWDSXF_4_8bp-UDP0171_1.fastq.gz,/scratch_isilon/groups/compgen/data_transfer/CGLZOO_12/20250411/FASTQ/H52TWDSXF_4_8bp-UDP0171_2.fastq.gz,ABA20158,Gazella cuvieri
H52TWDSXF_4_8bp-UDP0173,/scratch_isilon/groups/compgen/data_transfer/CGLZOO_12/20250411/FASTQ/H52TWDSXF_4_8bp-UDP0173_1.fastq.gz,/scratch_isilon/groups/compgen/data_transfer/CGLZOO_12/20250411/FASTQ/H52TWDSXF_4_8bp-UDP0173_2.fastq.gz,ABA20163,Dama dama
H52TWDSXF_4_8bp-UDP0176,/scratch_isilon/groups/compgen/data_transfer/CGLZOO_12/20250411/FASTQ/H52TWDSXF_4_8bp-UDP0176_1.fastq.gz,/scratch_isilon/groups/compgen/data_transfer/CGLZOO_12/20250411/FASTQ/H52TWDSXF_4_8bp-UDP0176_2.fastq.gz,ABA23417,Nanger dama
H52TWDSXF_4_8bp-UDP0178,/scratch_isilon/groups/compgen/data_transfer/CGLZOO_12/20250411/FASTQ/H52TWDSXF_4_8bp-UDP0178_1.fastq.gz,/scratch_isilon/groups/compgen/data_transfer/CGLZOO_12/20250411/FASTQ/H52TWDSXF_4_8bp-UDP0178_2.fastq.gz,ABA23427,Miopithecus ogouensis
H52TWDSXF_4_8bp-UDP0179V3,/scratch_isilon/groups/compgen/data_transfer/CGLZOO_12/20250411/FASTQ/H52TWDSXF_4_8bp-UDP0179V3_1.fastq.gz,/scratch_isilon/groups/compgen/data_transfer/CGLZOO_12/20250411/FASTQ/H52TWDSXF_4_8bp-UDP0179V3_2.fastq.gz,ABA23429,Ovis aries
H52TWDSXF_4_8bp-UDP0180,/scratch_isilon/groups/compgen/data_transfer/CGLZOO_12/20250411/FASTQ/H52TWDSXF_4_8bp-UDP0180_1.fastq.gz,/scratch_isilon/groups/compgen/data_transfer/CGLZOO_12/20250411/FASTQ/H52TWDSXF_4_8bp-UDP0180_2.fastq.gz,ABA23436,Eliomys quercinus
H52TWDSXF_4_8bp-UDP0181,/scratch_isilon/groups/compgen/data_transfer/CGLZOO_12/20250411/FASTQ/H52TWDSXF_4_8bp-UDP0181_1.fastq.gz,/scratch_isilon/groups/compgen/data_transfer/CGLZOO_12/20250411/FASTQ/H52TWDSXF_4_8bp-UDP0181_2.fastq.gz,ABA23439,Lemur catta
H52TWDSXF_4_8bp-UDP0182,/scratch_isilon/groups/compgen/data_transfer/CGLZOO_12/20250411/FASTQ/H52TWDSXF_4_8bp-UDP0182_1.fastq.gz,/scratch_isilon/groups/compgen/data_transfer/CGLZOO_12/20250411/FASTQ/H52TWDSXF_4_8bp-UDP0182_2.fastq.gz,ABA23456,Capra hircus
H52TWDSXF_4_8bp-UDP0183,/scratch_isilon/groups/compgen/data_transfer/CGLZOO_12/20250411/FASTQ/H52TWDSXF_4_8bp-UDP0183_1.fastq.gz,/scratch_isilon/groups/compgen/data_transfer/CGLZOO_12/20250411/FASTQ/H52TWDSXF_4_8bp-UDP0183_2.fastq.gz,ABA23459,Beatragus hunteri
H52TWDSXF_4_8bp-UDP0184,/scratch_isilon/groups/compgen/data_transfer/CGLZOO_12/20250411/FASTQ/H52TWDSXF_4_8bp-UDP0184_1.fastq.gz,/scratch_isilon/groups/compgen/data_transfer/CGLZOO_12/20250411/FASTQ/H52TWDSXF_4_8bp-UDP0184_2.fastq.gz,ABA23461,Nanger dama
H52TWDSXF_4_8bp-UDP0185,/scratch_isilon/groups/compgen/data_transfer/CGLZOO_12/20250411/FASTQ/H52TWDSXF_4_8bp-UDP0185_1.fastq.gz,/scratch_isilon/groups/compgen/data_transfer/CGLZOO_12/20250411/FASTQ/H52TWDSXF_4_8bp-UDP0185_2.fastq.gz,ABA23468,Equus caballus
H52TWDSXF_4_8bp-UDP0186,/scratch_isilon/groups/compgen/data_transfer/CGLZOO_12/20250411/FASTQ/H52TWDSXF_4_8bp-UDP0186_1.fastq.gz,/scratch_isilon/groups/compgen/data_transfer/CGLZOO_12/20250411/FASTQ/H52TWDSXF_4_8bp-UDP0186_2.fastq.gz,ABA23474,Dolichotis patagonum
H52TWDSXF_4_8bp-UDP0187,/scratch_isilon/groups/compgen/data_transfer/CGLZOO_12/20250411/FASTQ/H52TWDSXF_4_8bp-UDP0187_1.fastq.gz,/scratch_isilon/groups/compgen/data_transfer/CGLZOO_12/20250411/FASTQ/H52TWDSXF_4_8bp-UDP0187_2.fastq.gz,ABA23482,Capra pyrenaica
H52TWDSXF_4_8bp-UDP0188,/scratch_isilon/groups/compgen/data_transfer/CGLZOO_12/20250411/FASTQ/H52TWDSXF_4_8bp-UDP0188_1.fastq.gz,/scratch_isilon/groups/compgen/data_transfer/CGLZOO_12/20250411/FASTQ/H52TWDSXF_4_8bp-UDP0188_2.fastq.gz,ABA23484,Connochaetes taurinus
H52TWDSXF_4_8bp-UDP0189,/scratch_isilon/groups/compgen/data_transfer/CGLZOO_12/20250411/FASTQ/H52TWDSXF_4_8bp-UDP0189_1.fastq.gz,/scratch_isilon/groups/compgen/data_transfer/CGLZOO_12/20250411/FASTQ/H52TWDSXF_4_8bp-UDP0189_2.fastq.gz,ABA23487,Elaphurus davidianus
H52TWDSXF_4_8bp-UDP0190,/scratch_isilon/groups/compgen/data_transfer/CGLZOO_12/20250411/FASTQ/H52TWDSXF_4_8bp-UDP0190_1.fastq.gz,/scratch_isilon/groups/compgen/data_transfer/CGLZOO_12/20250411/FASTQ/H52TWDSXF_4_8bp-UDP0190_2.fastq.gz,ABA23492,Lemur catta
H52TWDSXF_4_8bp-UDP0191,/scratch_isilon/groups/compgen/data_transfer/CGLZOO_12/20250411/FASTQ/H52TWDSXF_4_8bp-UDP0191_1.fastq.gz,/scratch_isilon/groups/compgen/data_transfer/CGLZOO_12/20250411/FASTQ/H52TWDSXF_4_8bp-UDP0191_2.fastq.gz,ABA23495,Axis axis
H52TWDSXF_4_8bp-UDP0192,/scratch_isilon/groups/compgen/data_transfer/CGLZOO_12/20250411/FASTQ/H52TWDSXF_4_8bp-UDP0192_1.fastq.gz,/scratch_isilon/groups/compgen/data_transfer/CGLZOO_12/20250411/FASTQ/H52TWDSXF_4_8bp-UDP0192_2.fastq.gz,ABA23503,Leontopithecus chrysomelas
H52TWDSXF_4_8bp-UDP0227V3,/scratch_isilon/groups/compgen/data_transfer/CGLZOO_12/20250411/FASTQ/H52TWDSXF_4_8bp-UDP0227V3_1.fastq.gz,/scratch_isilon/groups/compgen/data_transfer/CGLZOO_12/20250411/FASTQ/H52TWDSXF_4_8bp-UDP0227V3_2.fastq.gz,ABA23475,Procavia capensis
H52TWDSXF_4_8bp-UDP0229,/scratch_isilon/groups/compgen/data_transfer/CGLZOO_12/20250411/FASTQ/H52TWDSXF_4_8bp-UDP0229_1.fastq.gz,/scratch_isilon/groups/compgen/data_transfer/CGLZOO_12/20250411/FASTQ/H52TWDSXF_4_8bp-UDP0229_2.fastq.gz,ABA23486,Oryx gazella
H52TWDSXF_4_8bp-UDP0230,/scratch_isilon/groups/compgen/data_transfer/CGLZOO_12/20250411/FASTQ/H52TWDSXF_4_8bp-UDP0230_1.fastq.gz,/scratch_isilon/groups/compgen/data_transfer/CGLZOO_12/20250411/FASTQ/H52TWDSXF_4_8bp-UDP0230_2.fastq.gz,ABA23496,Capra hircus
H52TWDSXF_4_8bp-UDP0231,/scratch_isilon/groups/compgen/data_transfer/CGLZOO_12/20250411/FASTQ/H52TWDSXF_4_8bp-UDP0231_1.fastq.gz,/scratch_isilon/groups/compgen/data_transfer/CGLZOO_12/20250411/FASTQ/H52TWDSXF_4_8bp-UDP0231_2.fastq.gz,ABA23497,Ovis aries
H52TWDSXF_4_8bp-UDP0232,/scratch_isilon/groups/compgen/data_transfer/CGLZOO_12/20250411/FASTQ/H52TWDSXF_4_8bp-UDP0232_1.fastq.gz,/scratch_isilon/groups/compgen/data_transfer/CGLZOO_12/20250411/FASTQ/H52TWDSXF_4_8bp-UDP0232_2.fastq.gz,ABA23504,Rangifer tarandus
H7NJTDSXF_1_8bp-UDP0169,/scratch_isilon/groups/compgen/data_transfer/CGLZOO_12/20250411/FASTQ/H7NJTDSXF_1_8bp-UDP0169_1.fastq.gz,/scratch_isilon/groups/compgen/data_transfer/CGLZOO_12/20250411/FASTQ/H7NJTDSXF_1_8bp-UDP0169_2.fastq.gz,ABA20152,Saguinus midas
H7NJTDSXF_1_8bp-UDP0170,/scratch_isilon/groups/compgen/data_transfer/CGLZOO_12/20250411/FASTQ/H7NJTDSXF_1_8bp-UDP0170_1.fastq.gz,/scratch_isilon/groups/compgen/data_transfer/CGLZOO_12/20250411/FASTQ/H7NJTDSXF_1_8bp-UDP0170_2.fastq.gz,ABA20157,Sapajus apella
H7NJTDSXF_1_8bp-UDP0181,/scratch_isilon/groups/compgen/data_transfer/CGLZOO_12/20250411/FASTQ/H7NJTDSXF_1_8bp-UDP0181_1.fastq.gz,/scratch_isilon/groups/compgen/data_transfer/CGLZOO_12/20250411/FASTQ/H7NJTDSXF_1_8bp-UDP0181_2.fastq.gz,ABA23439,Lemur catta
H7NJTDSXF_1_8bp-UDP0184,/scratch_isilon/groups/compgen/data_transfer/CGLZOO_12/20250411/FASTQ/H7NJTDSXF_1_8bp-UDP0184_1.fastq.gz,/scratch_isilon/groups/compgen/data_transfer/CGLZOO_12/20250411/FASTQ/H7NJTDSXF_1_8bp-UDP0184_2.fastq.gz,ABA23461,Nanger dama
H7NJTDSXF_1_8bp-UDP0185,/scratch_isilon/groups/compgen/data_transfer/CGLZOO_12/20250411/FASTQ/H7NJTDSXF_1_8bp-UDP0185_1.fastq.gz,/scratch_isilon/groups/compgen/data_transfer/CGLZOO_12/20250411/FASTQ/H7NJTDSXF_1_8bp-UDP0185_2.fastq.gz,ABA23468,Equus caballus
H7NJTDSXF_1_8bp-UDP0186,/scratch_isilon/groups/compgen/data_transfer/CGLZOO_12/20250411/FASTQ/H7NJTDSXF_1_8bp-UDP0186_1.fastq.gz,/scratch_isilon/groups/compgen/data_transfer/CGLZOO_12/20250411/FASTQ/H7NJTDSXF_1_8bp-UDP0186_2.fastq.gz,ABA23474,Dolichotis patagonum
H7NJTDSXF_1_8bp-UDP0187,/scratch_isilon/groups/compgen/data_transfer/CGLZOO_12/20250411/FASTQ/H7NJTDSXF_1_8bp-UDP0187_1.fastq.gz,/scratch_isilon/groups/compgen/data_transfer/CGLZOO_12/20250411/FASTQ/H7NJTDSXF_1_8bp-UDP0187_2.fastq.gz,ABA23482,Capra pyrenaica
H7NJTDSXF_1_8bp-UDP0188,/scratch_isilon/groups/compgen/data_transfer/CGLZOO_12/20250411/FASTQ/H7NJTDSXF_1_8bp-UDP0188_1.fastq.gz,/scratch_isilon/groups/compgen/data_transfer/CGLZOO_12/20250411/FASTQ/H7NJTDSXF_1_8bp-UDP0188_2.fastq.gz,ABA23484,Connochaetes taurinus
H7NJTDSXF_1_8bp-UDP0189,/scratch_isilon/groups/compgen/data_transfer/CGLZOO_12/20250411/FASTQ/H7NJTDSXF_1_8bp-UDP0189_1.fastq.gz,/scratch_isilon/groups/compgen/data_transfer/CGLZOO_12/20250411/FASTQ/H7NJTDSXF_1_8bp-UDP0189_2.fastq.gz,ABA23487,Elaphurus davidianus
H7NJTDSXF_1_8bp-UDP0190,/scratch_isilon/groups/compgen/data_transfer/CGLZOO_12/20250411/FASTQ/H7NJTDSXF_1_8bp-UDP0190_1.fastq.gz,/scratch_isilon/groups/compgen/data_transfer/CGLZOO_12/20250411/FASTQ/H7NJTDSXF_1_8bp-UDP0190_2.fastq.gz,ABA23492,Lemur catta
H7NJTDSXF_1_8bp-UDP0191,/scratch_isilon/groups/compgen/data_transfer/CGLZOO_12/20250411/FASTQ/H7NJTDSXF_1_8bp-UDP0191_1.fastq.gz,/scratch_isilon/groups/compgen/data_transfer/CGLZOO_12/20250411/FASTQ/H7NJTDSXF_1_8bp-UDP0191_2.fastq.gz,ABA23495,Axis axis
H7NJTDSXF_1_8bp-UDP0192,/scratch_isilon/groups/compgen/data_transfer/CGLZOO_12/20250411/FASTQ/H7NJTDSXF_1_8bp-UDP0192_1.fastq.gz,/scratch_isilon/groups/compgen/data_transfer/CGLZOO_12/20250411/FASTQ/H7NJTDSXF_1_8bp-UDP0192_2.fastq.gz,ABA23503,Leontopithecus chrysomelas
H7NJTDSXF_1_8bp-UDP0227V3,/scratch_isilon/groups/compgen/data_transfer/CGLZOO_12/20250411/FASTQ/H7NJTDSXF_1_8bp-UDP0227V3_1.fastq.gz,/scratch_isilon/groups/compgen/data_transfer/CGLZOO_12/20250411/FASTQ/H7NJTDSXF_1_8bp-UDP0227V3_2.fastq.gz,ABA23475,Procavia capensis
H7NJTDSXF_1_8bp-UDP0229,/scratch_isilon/groups/compgen/data_transfer/CGLZOO_12/20250411/FASTQ/H7NJTDSXF_1_8bp-UDP0229_1.fastq.gz,/scratch_isilon/groups/compgen/data_transfer/CGLZOO_12/20250411/FASTQ/H7NJTDSXF_1_8bp-UDP0229_2.fastq.gz,ABA23486,Oryx gazella
H7NJTDSXF_1_8bp-UDP0230,/scratch_isilon/groups/compgen/data_transfer/CGLZOO_12/20250411/FASTQ/H7NJTDSXF_1_8bp-UDP0230_1.fastq.gz,/scratch_isilon/groups/compgen/data_transfer/CGLZOO_12/20250411/FASTQ/H7NJTDSXF_1_8bp-UDP0230_2.fastq.gz,ABA23496,Capra hircus
H7NJTDSXF_1_8bp-UDP0231,/scratch_isilon/groups/compgen/data_transfer/CGLZOO_12/20250411/FASTQ/H7NJTDSXF_1_8bp-UDP0231_1.fastq.gz,/scratch_isilon/groups/compgen/data_transfer/CGLZOO_12/20250411/FASTQ/H7NJTDSXF_1_8bp-UDP0231_2.fastq.gz,ABA23497,Ovis aries
H7NJTDSXF_1_8bp-UDP0232,/scratch_isilon/groups/compgen/data_transfer/CGLZOO_12/20250411/FASTQ/H7NJTDSXF_1_8bp-UDP0232_1.fastq.gz,/scratch_isilon/groups/compgen/data_transfer/CGLZOO_12/20250411/FASTQ/H7NJTDSXF_1_8bp-UDP0232_2.fastq.gz,ABA23504,Rangifer tarandus
H7NJTDSXF_2_8bp-UDP0169,/scratch_isilon/groups/compgen/data_transfer/CGLZOO_12/20250411/FASTQ/H7NJTDSXF_2_8bp-UDP0169_1.fastq.gz,/scratch_isilon/groups/compgen/data_transfer/CGLZOO_12/20250411/FASTQ/H7NJTDSXF_2_8bp-UDP0169_2.fastq.gz,ABA20152,Saguinus midas
H7NJTDSXF_2_8bp-UDP0170,/scratch_isilon/groups/compgen/data_transfer/CGLZOO_12/20250411/FASTQ/H7NJTDSXF_2_8bp-UDP0170_1.fastq.gz,/scratch_isilon/groups/compgen/data_transfer/CGLZOO_12/20250411/FASTQ/H7NJTDSXF_2_8bp-UDP0170_2.fastq.gz,ABA20157,Sapajus apella
H7NJTDSXF_2_8bp-UDP0181,/scratch_isilon/groups/compgen/data_transfer/CGLZOO_12/20250411/FASTQ/H7NJTDSXF_2_8bp-UDP0181_1.fastq.gz,/scratch_isilon/groups/compgen/data_transfer/CGLZOO_12/20250411/FASTQ/H7NJTDSXF_2_8bp-UDP0181_2.fastq.gz,ABA23439,Lemur catta
H7NJTDSXF_2_8bp-UDP0184,/scratch_isilon/groups/compgen/data_transfer/CGLZOO_12/20250411/FASTQ/H7NJTDSXF_2_8bp-UDP0184_1.fastq.gz,/scratch_isilon/groups/compgen/data_transfer/CGLZOO_12/20250411/FASTQ/H7NJTDSXF_2_8bp-UDP0184_2.fastq.gz,ABA23461,Nanger dama
H7NJTDSXF_2_8bp-UDP0185,/scratch_isilon/groups/compgen/data_transfer/CGLZOO_12/20250411/FASTQ/H7NJTDSXF_2_8bp-UDP0185_1.fastq.gz,/scratch_isilon/groups/compgen/data_transfer/CGLZOO_12/20250411/FASTQ/H7NJTDSXF_2_8bp-UDP0185_2.fastq.gz,ABA23468,Equus caballus
H7NJTDSXF_2_8bp-UDP0186,/scratch_isilon/groups/compgen/data_transfer/CGLZOO_12/20250411/FASTQ/H7NJTDSXF_2_8bp-UDP0186_1.fastq.gz,/scratch_isilon/groups/compgen/data_transfer/CGLZOO_12/20250411/FASTQ/H7NJTDSXF_2_8bp-UDP0186_2.fastq.gz,ABA23474,Dolichotis patagonum
H7NJTDSXF_2_8bp-UDP0187,/scratch_isilon/groups/compgen/data_transfer/CGLZOO_12/20250411/FASTQ/H7NJTDSXF_2_8bp-UDP0187_1.fastq.gz,/scratch_isilon/groups/compgen/data_transfer/CGLZOO_12/20250411/FASTQ/H7NJTDSXF_2_8bp-UDP0187_2.fastq.gz,ABA23482,Capra pyrenaica
H7NJTDSXF_2_8bp-UDP0188,/scratch_isilon/groups/compgen/data_transfer/CGLZOO_12/20250411/FASTQ/H7NJTDSXF_2_8bp-UDP0188_1.fastq.gz,/scratch_isilon/groups/compgen/data_transfer/CGLZOO_12/20250411/FASTQ/H7NJTDSXF_2_8bp-UDP0188_2.fastq.gz,ABA23484,Connochaetes taurinus
H7NJTDSXF_2_8bp-UDP0189,/scratch_isilon/groups/compgen/data_transfer/CGLZOO_12/20250411/FASTQ/H7NJTDSXF_2_8bp-UDP0189_1.fastq.gz,/scratch_isilon/groups/compgen/data_transfer/CGLZOO_12/20250411/FASTQ/H7NJTDSXF_2_8bp-UDP0189_2.fastq.gz,ABA23487,Elaphurus davidianus
H7NJTDSXF_2_8bp-UDP0190,/scratch_isilon/groups/compgen/data_transfer/CGLZOO_12/20250411/FASTQ/H7NJTDSXF_2_8bp-UDP0190_1.fastq.gz,/scratch_isilon/groups/compgen/data_transfer/CGLZOO_12/20250411/FASTQ/H7NJTDSXF_2_8bp-UDP0190_2.fastq.gz,ABA23492,Lemur catta
H7NJTDSXF_2_8bp-UDP0191,/scratch_isilon/groups/compgen/data_transfer/CGLZOO_12/20250411/FASTQ/H7NJTDSXF_2_8bp-UDP0191_1.fastq.gz,/scratch_isilon/groups/compgen/data_transfer/CGLZOO_12/20250411/FASTQ/H7NJTDSXF_2_8bp-UDP0191_2.fastq.gz,ABA23495,Axis axis
H7NJTDSXF_2_8bp-UDP0192,/scratch_isilon/groups/compgen/data_transfer/CGLZOO_12/20250411/FASTQ/H7NJTDSXF_2_8bp-UDP0192_1.fastq.gz,/scratch_isilon/groups/compgen/data_transfer/CGLZOO_12/20250411/FASTQ/H7NJTDSXF_2_8bp-UDP0192_2.fastq.gz,ABA23503,Leontopithecus chrysomelas
H7NJTDSXF_2_8bp-UDP0227V3,/scratch_isilon/groups/compgen/data_transfer/CGLZOO_12/20250411/FASTQ/H7NJTDSXF_2_8bp-UDP0227V3_1.fastq.gz,/scratch_isilon/groups/compgen/data_transfer/CGLZOO_12/20250411/FASTQ/H7NJTDSXF_2_8bp-UDP0227V3_2.fastq.gz,ABA23475,Procavia capensis
H7NJTDSXF_2_8bp-UDP0229,/scratch_isilon/groups/compgen/data_transfer/CGLZOO_12/20250411/FASTQ/H7NJTDSXF_2_8bp-UDP0229_1.fastq.gz,/scratch_isilon/groups/compgen/data_transfer/CGLZOO_12/20250411/FASTQ/H7NJTDSXF_2_8bp-UDP0229_2.fastq.gz,ABA23486,Oryx gazella
H7NJTDSXF_2_8bp-UDP0230,/scratch_isilon/groups/compgen/data_transfer/CGLZOO_12/20250411/FASTQ/H7NJTDSXF_2_8bp-UDP0230_1.fastq.gz,/scratch_isilon/groups/compgen/data_transfer/CGLZOO_12/20250411/FASTQ/H7NJTDSXF_2_8bp-UDP0230_2.fastq.gz,ABA23496,Capra hircus
H7NJTDSXF_2_8bp-UDP0231,/scratch_isilon/groups/compgen/data_transfer/CGLZOO_12/20250411/FASTQ/H7NJTDSXF_2_8bp-UDP0231_1.fastq.gz,/scratch_isilon/groups/compgen/data_transfer/CGLZOO_12/20250411/FASTQ/H7NJTDSXF_2_8bp-UDP0231_2.fastq.gz,ABA23497,Ovis aries
H7NJTDSXF_2_8bp-UDP0232,/scratch_isilon/groups/compgen/data_transfer/CGLZOO_12/20250411/FASTQ/H7NJTDSXF_2_8bp-UDP0232_1.fastq.gz,/scratch_isilon/groups/compgen/data_transfer/CGLZOO_12/20250411/FASTQ/H7NJTDSXF_2_8bp-UDP0232_2.fastq.gz,ABA23504,Rangifer tarandus
H7NJTDSXF_3_8bp-UDP0169,/scratch_isilon/groups/compgen/data_transfer/CGLZOO_12/20250411/FASTQ/H7NJTDSXF_3_8bp-UDP0169_1.fastq.gz,/scratch_isilon/groups/compgen/data_transfer/CGLZOO_12/20250411/FASTQ/H7NJTDSXF_3_8bp-UDP0169_2.fastq.gz,ABA20152,Saguinus midas
H7NJTDSXF_3_8bp-UDP0170,/scratch_isilon/groups/compgen/data_transfer/CGLZOO_12/20250411/FASTQ/H7NJTDSXF_3_8bp-UDP0170_1.fastq.gz,/scratch_isilon/groups/compgen/data_transfer/CGLZOO_12/20250411/FASTQ/H7NJTDSXF_3_8bp-UDP0170_2.fastq.gz,ABA20157,Sapajus apella
H7NJTDSXF_3_8bp-UDP0181,/scratch_isilon/groups/compgen/data_transfer/CGLZOO_12/20250411/FASTQ/H7NJTDSXF_3_8bp-UDP0181_1.fastq.gz,/scratch_isilon/groups/compgen/data_transfer/CGLZOO_12/20250411/FASTQ/H7NJTDSXF_3_8bp-UDP0181_2.fastq.gz,ABA23439,Lemur catta
H7NJTDSXF_3_8bp-UDP0184,/scratch_isilon/groups/compgen/data_transfer/CGLZOO_12/20250411/FASTQ/H7NJTDSXF_3_8bp-UDP0184_1.fastq.gz,/scratch_isilon/groups/compgen/data_transfer/CGLZOO_12/20250411/FASTQ/H7NJTDSXF_3_8bp-UDP0184_2.fastq.gz,ABA23461,Nanger dama
H7NJTDSXF_3_8bp-UDP0185,/scratch_isilon/groups/compgen/data_transfer/CGLZOO_12/20250411/FASTQ/H7NJTDSXF_3_8bp-UDP0185_1.fastq.gz,/scratch_isilon/groups/compgen/data_transfer/CGLZOO_12/20250411/FASTQ/H7NJTDSXF_3_8bp-UDP0185_2.fastq.gz,ABA23468,Equus caballus
H7NJTDSXF_3_8bp-UDP0186,/scratch_isilon/groups/compgen/data_transfer/CGLZOO_12/20250411/FASTQ/H7NJTDSXF_3_8bp-UDP0186_1.fastq.gz,/scratch_isilon/groups/compgen/data_transfer/CGLZOO_12/20250411/FASTQ/H7NJTDSXF_3_8bp-UDP0186_2.fastq.gz,ABA23474,Dolichotis patagonum
H7NJTDSXF_3_8bp-UDP0187,/scratch_isilon/groups/compgen/data_transfer/CGLZOO_12/20250411/FASTQ/H7NJTDSXF_3_8bp-UDP0187_1.fastq.gz,/scratch_isilon/groups/compgen/data_transfer/CGLZOO_12/20250411/FASTQ/H7NJTDSXF_3_8bp-UDP0187_2.fastq.gz,ABA23482,Capra pyrenaica
H7NJTDSXF_3_8bp-UDP0188,/scratch_isilon/groups/compgen/data_transfer/CGLZOO_12/20250411/FASTQ/H7NJTDSXF_3_8bp-UDP0188_1.fastq.gz,/scratch_isilon/groups/compgen/data_transfer/CGLZOO_12/20250411/FASTQ/H7NJTDSXF_3_8bp-UDP0188_2.fastq.gz,ABA23484,Connochaetes taurinus
H7NJTDSXF_3_8bp-UDP0189,/scratch_isilon/groups/compgen/data_transfer/CGLZOO_12/20250411/FASTQ/H7NJTDSXF_3_8bp-UDP0189_1.fastq.gz,/scratch_isilon/groups/compgen/data_transfer/CGLZOO_12/20250411/FASTQ/H7NJTDSXF_3_8bp-UDP0189_2.fastq.gz,ABA23487,Elaphurus davidianus
H7NJTDSXF_3_8bp-UDP0190,/scratch_isilon/groups/compgen/data_transfer/CGLZOO_12/20250411/FASTQ/H7NJTDSXF_3_8bp-UDP0190_1.fastq.gz,/scratch_isilon/groups/compgen/data_transfer/CGLZOO_12/20250411/FASTQ/H7NJTDSXF_3_8bp-UDP0190_2.fastq.gz,ABA23492,Lemur catta
H7NJTDSXF_3_8bp-UDP0191,/scratch_isilon/groups/compgen/data_transfer/CGLZOO_12/20250411/FASTQ/H7NJTDSXF_3_8bp-UDP0191_1.fastq.gz,/scratch_isilon/groups/compgen/data_transfer/CGLZOO_12/20250411/FASTQ/H7NJTDSXF_3_8bp-UDP0191_2.fastq.gz,ABA23495,Axis axis
H7NJTDSXF_3_8bp-UDP0192,/scratch_isilon/groups/compgen/data_transfer/CGLZOO_12/20250411/FASTQ/H7NJTDSXF_3_8bp-UDP0192_1.fastq.gz,/scratch_isilon/groups/compgen/data_transfer/CGLZOO_12/20250411/FASTQ/H7NJTDSXF_3_8bp-UDP0192_2.fastq.gz,ABA23503,Leontopithecus chrysomelas
H7NJTDSXF_3_8bp-UDP0227V3,/scratch_isilon/groups/compgen/data_transfer/CGLZOO_12/20250411/FASTQ/H7NJTDSXF_3_8bp-UDP0227V3_1.fastq.gz,/scratch_isilon/groups/compgen/data_transfer/CGLZOO_12/20250411/FASTQ/H7NJTDSXF_3_8bp-UDP0227V3_2.fastq.gz,ABA23475,Procavia capensis
H7NJTDSXF_3_8bp-UDP0229,/scratch_isilon/groups/compgen/data_transfer/CGLZOO_12/20250411/FASTQ/H7NJTDSXF_3_8bp-UDP0229_1.fastq.gz,/scratch_isilon/groups/compgen/data_transfer/CGLZOO_12/20250411/FASTQ/H7NJTDSXF_3_8bp-UDP0229_2.fastq.gz,ABA23486,Oryx gazella
H7NJTDSXF_3_8bp-UDP0230,/scratch_isilon/groups/compgen/data_transfer/CGLZOO_12/20250411/FASTQ/H7NJTDSXF_3_8bp-UDP0230_1.fastq.gz,/scratch_isilon/groups/compgen/data_transfer/CGLZOO_12/20250411/FASTQ/H7NJTDSXF_3_8bp-UDP0230_2.fastq.gz,ABA23496,Capra hircus
H7NJTDSXF_3_8bp-UDP0231,/scratch_isilon/groups/compgen/data_transfer/CGLZOO_12/20250411/FASTQ/H7NJTDSXF_3_8bp-UDP0231_1.fastq.gz,/scratch_isilon/groups/compgen/data_transfer/CGLZOO_12/20250411/FASTQ/H7NJTDSXF_3_8bp-UDP0231_2.fastq.gz,ABA23497,Ovis aries
H7NJTDSXF_3_8bp-UDP0232,/scratch_isilon/groups/compgen/data_transfer/CGLZOO_12/20250411/FASTQ/H7NJTDSXF_3_8bp-UDP0232_1.fastq.gz,/scratch_isilon/groups/compgen/data_transfer/CGLZOO_12/20250411/FASTQ/H7NJTDSXF_3_8bp-UDP0232_2.fastq.gz,ABA23504,Rangifer tarandus
H7NJTDSXF_4_8bp-UDP0169,/scratch_isilon/groups/compgen/data_transfer/CGLZOO_12/20250411/FASTQ/H7NJTDSXF_4_8bp-UDP0169_1.fastq.gz,/scratch_isilon/groups/compgen/data_transfer/CGLZOO_12/20250411/FASTQ/H7NJTDSXF_4_8bp-UDP0169_2.fastq.gz,ABA20152,Saguinus midas
H7NJTDSXF_4_8bp-UDP0170,/scratch_isilon/groups/compgen/data_transfer/CGLZOO_12/20250411/FASTQ/H7NJTDSXF_4_8bp-UDP0170_1.fastq.gz,/scratch_isilon/groups/compgen/data_transfer/CGLZOO_12/20250411/FASTQ/H7NJTDSXF_4_8bp-UDP0170_2.fastq.gz,ABA20157,Sapajus apella
H7NJTDSXF_4_8bp-UDP0181,/scratch_isilon/groups/compgen/data_transfer/CGLZOO_12/20250411/FASTQ/H7NJTDSXF_4_8bp-UDP0181_1.fastq.gz,/scratch_isilon/groups/compgen/data_transfer/CGLZOO_12/20250411/FASTQ/H7NJTDSXF_4_8bp-UDP0181_2.fastq.gz,ABA23439,Lemur catta
H7NJTDSXF_4_8bp-UDP0184,/scratch_isilon/groups/compgen/data_transfer/CGLZOO_12/20250411/FASTQ/H7NJTDSXF_4_8bp-UDP0184_1.fastq.gz,/scratch_isilon/groups/compgen/data_transfer/CGLZOO_12/20250411/FASTQ/H7NJTDSXF_4_8bp-UDP0184_2.fastq.gz,ABA23461,Nanger dama
H7NJTDSXF_4_8bp-UDP0185,/scratch_isilon/groups/compgen/data_transfer/CGLZOO_12/20250411/FASTQ/H7NJTDSXF_4_8bp-UDP0185_1.fastq.gz,/scratch_isilon/groups/compgen/data_transfer/CGLZOO_12/20250411/FASTQ/H7NJTDSXF_4_8bp-UDP0185_2.fastq.gz,ABA23468,Equus caballus
H7NJTDSXF_4_8bp-UDP0186,/scratch_isilon/groups/compgen/data_transfer/CGLZOO_12/20250411/FASTQ/H7NJTDSXF_4_8bp-UDP0186_1.fastq.gz,/scratch_isilon/groups/compgen/data_transfer/CGLZOO_12/20250411/FASTQ/H7NJTDSXF_4_8bp-UDP0186_2.fastq.gz,ABA23474,Dolichotis patagonum
H7NJTDSXF_4_8bp-UDP0187,/scratch_isilon/groups/compgen/data_transfer/CGLZOO_12/20250411/FASTQ/H7NJTDSXF_4_8bp-UDP0187_1.fastq.gz,/scratch_isilon/groups/compgen/data_transfer/CGLZOO_12/20250411/FASTQ/H7NJTDSXF_4_8bp-UDP0187_2.fastq.gz,ABA23482,Capra pyrenaica
H7NJTDSXF_4_8bp-UDP0188,/scratch_isilon/groups/compgen/data_transfer/CGLZOO_12/20250411/FASTQ/H7NJTDSXF_4_8bp-UDP0188_1.fastq.gz,/scratch_isilon/groups/compgen/data_transfer/CGLZOO_12/20250411/FASTQ/H7NJTDSXF_4_8bp-UDP0188_2.fastq.gz,ABA23484,Connochaetes taurinus
H7NJTDSXF_4_8bp-UDP0189,/scratch_isilon/groups/compgen/data_transfer/CGLZOO_12/20250411/FASTQ/H7NJTDSXF_4_8bp-UDP0189_1.fastq.gz,/scratch_isilon/groups/compgen/data_transfer/CGLZOO_12/20250411/FASTQ/H7NJTDSXF_4_8bp-UDP0189_2.fastq.gz,ABA23487,Elaphurus davidianus
H7NJTDSXF_4_8bp-UDP0190,/scratch_isilon/groups/compgen/data_transfer/CGLZOO_12/20250411/FASTQ/H7NJTDSXF_4_8bp-UDP0190_1.fastq.gz,/scratch_isilon/groups/compgen/data_transfer/CGLZOO_12/20250411/FASTQ/H7NJTDSXF_4_8bp-UDP0190_2.fastq.gz,ABA23492,Lemur catta
H7NJTDSXF_4_8bp-UDP0191,/scratch_isilon/groups/compgen/data_transfer/CGLZOO_12/20250411/FASTQ/H7NJTDSXF_4_8bp-UDP0191_1.fastq.gz,/scratch_isilon/groups/compgen/data_transfer/CGLZOO_12/20250411/FASTQ/H7NJTDSXF_4_8bp-UDP0191_2.fastq.gz,ABA23495,Axis axis
H7NJTDSXF_4_8bp-UDP0192,/scratch_isilon/groups/compgen/data_transfer/CGLZOO_12/20250411/FASTQ/H7NJTDSXF_4_8bp-UDP0192_1.fastq.gz,/scratch_isilon/groups/compgen/data_transfer/CGLZOO_12/20250411/FASTQ/H7NJTDSXF_4_8bp-UDP0192_2.fastq.gz,ABA23503,Leontopithecus chrysomelas
H7NJTDSXF_4_8bp-UDP0227V3,/scratch_isilon/groups/compgen/data_transfer/CGLZOO_12/20250411/FASTQ/H7NJTDSXF_4_8bp-UDP0227V3_1.fastq.gz,/scratch_isilon/groups/compgen/data_transfer/CGLZOO_12/20250411/FASTQ/H7NJTDSXF_4_8bp-UDP0227V3_2.fastq.gz,ABA23475,Procavia capensis
H7NJTDSXF_4_8bp-UDP0229,/scratch_isilon/groups/compgen/data_transfer/CGLZOO_12/20250411/FASTQ/H7NJTDSXF_4_8bp-UDP0229_1.fastq.gz,/scratch_isilon/groups/compgen/data_transfer/CGLZOO_12/20250411/FASTQ/H7NJTDSXF_4_8bp-UDP0229_2.fastq.gz,ABA23486,Oryx gazella
H7NJTDSXF_4_8bp-UDP0230,/scratch_isilon/groups/compgen/data_transfer/CGLZOO_12/20250411/FASTQ/H7NJTDSXF_4_8bp-UDP0230_1.fastq.gz,/scratch_isilon/groups/compgen/data_transfer/CGLZOO_12/20250411/FASTQ/H7NJTDSXF_4_8bp-UDP0230_2.fastq.gz,ABA23496,Capra hircus
H7NJTDSXF_4_8bp-UDP0231,/scratch_isilon/groups/compgen/data_transfer/CGLZOO_12/20250411/FASTQ/H7NJTDSXF_4_8bp-UDP0231_1.fastq.gz,/scratch_isilon/groups/compgen/data_transfer/CGLZOO_12/20250411/FASTQ/H7NJTDSXF_4_8bp-UDP0231_2.fastq.gz,ABA23497,Ovis aries
H7NJTDSXF_4_8bp-UDP0232,/scratch_isilon/groups/compgen/data_transfer/CGLZOO_12/20250411/FASTQ/H7NJTDSXF_4_8bp-UDP0232_1.fastq.gz,/scratch_isilon/groups/compgen/data_transfer/CGLZOO_12/20250411/FASTQ/H7NJTDSXF_4_8bp-UDP0232_2.fastq.gz,ABA23504,Rangifer tarandus
